"search_term","post_uri","author","text","created_at","likes","reposts","replies"
"horror movies","at://did:plc:ajpjkusqpd4ta3bainao4lpl/app.bsky.feed.post/3mxgmsnketc2z","did:plc:ajpjkusqpd4ta3bainao4lpl","Movies this week: The Last House (2026), The Thing (2011), What Ever Happened to Baby Jane (1962), Passenger (2026), The Spiral Staircase (1946), House of Wax (1953).

Watch Carrie next or knock off another vintage horror?

#LetterboxdFriday #lastfourwatched #filmsky #movies #horrorsky #horrorfest","2026-10-09T09:08:31.625Z",0,0,0
"horror movies","at://did:plc:5m2pxv6t27ncshvaq75qf7li/app.bsky.feed.post/3mxgla2cu5k2d","did:plc:5m2pxv6t27ncshvaq75qf7li","horror movies used to be so much gloopier","2026-10-09T08:40:13.735Z",0,0,0
"horror movies","at://did:plc:o47l3rxnreaqvp3ivzrlexza/app.bsky.feed.post/3mxgl4u5zmc27","did:plc:o47l3rxnreaqvp3ivzrlexza","Horror fans have seen nature go on the warpath hundreds of times with traditionally ‘scary” creatures. But what about seemingly benign critters? Dan Rafter has 5 goofy faves to share! horrorfam.com/animals-atta...","2026-10-09T08:38:26.621Z",0,0,0
"horror movies","at://did:plc:mbgtmqrvty7ohqis5myimhbl/app.bsky.feed.post/3mxgkrnjz6s2w","did:plc:mbgtmqrvty7ohqis5myimhbl","Needles? Going for acupuncture?

There is yet another Godzilla flick coming soon to a theater near you? Wicker sounds like a spine chilling horror. It is Spooky Season so probably lots of those flying about.

30 pages remains better than zero. Good on ya! The new #DUNE movies are pretty good.","2026-10-09T08:32:10.574Z",1,0,1
"horror movies","at://did:plc:ahfg7fmzbac42tzlwr5r5j3o/app.bsky.feed.post/3mxgjmfcrds23","did:plc:ahfg7fmzbac42tzlwr5r5j3o","Ever since then, I've avoided watching people die. Even in movies, I usually close my eyes if it's remotely realistic. My mental gallery of that specific horror is full of a blurry freeway ramp, a burning truck, and a homemade banner fluttering in the wind. I neither need nor want any more.","2026-10-09T08:11:19.871Z",3,0,1
"horror movies","at://did:plc:jttx2p6irnnkopbc735fubxy/app.bsky.feed.post/3mxgitb4hcc2t","did:plc:jttx2p6irnnkopbc735fubxy","The Hong Kong horror movies where Hong Kong protagonists go to Southeast Asia, Nepal, etc. can be pretty racist too.","2026-10-09T07:57:17.174Z",0,0,0
"horror movies","at://did:plc:haiounazbo4ffbvxhuhdhpuz/app.bsky.feed.post/3mxgirkpq6c2q","did:plc:haiounazbo4ffbvxhuhdhpuz","IMO, navigating Netflix can be compared to watching FoxNews - you never escape from the algorithm only offering you more of the same. So if you watch 2 horror movies, you'll only ever get offered more horror. Much like Fox News ;-)","2026-10-09T07:56:20.114Z",0,0,1
"horror movies","at://did:plc:oaw7lht5c32wubx7fz6hsqm5/app.bsky.feed.post/3mxgi6ljils2q","did:plc:oaw7lht5c32wubx7fz6hsqm5","I'm part of the Creature Feature generation. Old b&w horror movies are comfort TV.","2026-10-09T07:45:43.444Z",4,0,1
"horror movies","at://did:plc:oaw7lht5c32wubx7fz6hsqm5/app.bsky.feed.post/3mxghz4fy3s2q","did:plc:oaw7lht5c32wubx7fz6hsqm5","I can watch old horror movies (or have them on in the background anyway) often.
I think I've seen Thing from Another World fifteen times :)

#TCMparty","2026-10-09T07:42:39.822Z",17,1,1
"horror movies","at://did:plc:vrykwfckzkto4yi5xi2zp4wt/app.bsky.feed.post/3mxghidlvu22l","did:plc:vrykwfckzkto4yi5xi2zp4wt","I need to watch more horror movies this month ugh","2026-10-09T07:33:16.932Z",2,0,0
"horror movies","at://did:plc:72wwqhrreuppjdxwx4lyrmoi/app.bsky.feed.post/3mxgfxnkhes2s","did:plc:72wwqhrreuppjdxwx4lyrmoi","its weird I spook really easy

yet love horror games and movies","2026-10-09T07:06:03.206Z",1,0,0
"horror movies","at://did:plc:4xhedd2il35qogcxqccwrtic/app.bsky.feed.post/3mxgfijuihc2a","did:plc:4xhedd2il35qogcxqccwrtic","#LetterboxdFriday #LastFourWatched

A week of 70s horror films. Mostly.

Damien: Omen II - Bloody teenagers. Am I right?

Digger - It's great. No. Honest. You should watch it. Go on. 

What have you done to Solange? - a very Gialloy Giallo 

The Exorcist - Your mother knits socks in Hull","2026-10-09T06:57:36.015Z",11,0,0
"horror movies","at://did:plc:672cxnqlcduoe6ed6l4tuini/app.bsky.feed.post/3mxgfij6u322z","did:plc:672cxnqlcduoe6ed6l4tuini","I know old movies are from a different time but I just can't even figure out what's supposed to be scary about The Amityville Horror (1979). Oh no, the 3 BR with a guest house and a boat house that you got for $80,000 needs some maintenance. How scary.","2026-10-09T06:57:35.315Z",0,0,1
"horror movies","at://did:plc:tsfxbufdb33rpku65lsjsgd7/app.bsky.feed.post/3mxgfbck4i22j","did:plc:tsfxbufdb33rpku65lsjsgd7","Most horror movies played backwards are about an ugly dude who saves people's lives with a knife.","2026-10-09T06:53:33.434Z",8,2,0
"horror movies","at://did:plc:4ncojchbwsywe5etagp6jwv3/app.bsky.feed.post/3mxgf4c4i4c2u","did:plc:4ncojchbwsywe5etagp6jwv3","Horror Movies Worth Seeing A-Z
#moviesky #filmsky #horrorsky

I is for...
In a Stranger's House (2018)","2026-10-09T06:50:45.245Z",1,1,0
"horror movies","at://did:plc:f2h5rdp6c7vlaqtp2docqwfu/app.bsky.feed.post/3mxgerrziwk2p","did:plc:f2h5rdp6c7vlaqtp2docqwfu","Hellraiser is the one big gap I have in my horror movie knowledge. There are eleven (!) movies made between 1987 and 2022 and I've seen none of them. 
Ironically, the entire series is based on just one book, so I might as well start with The Hellbound Heart someday. 💙📚","2026-10-09T06:44:52.826Z",2,0,1
"horror movies","at://did:plc:ybbq6h4crfia26g77ubfa6yu/app.bsky.feed.post/3mxgdw6dndc2h","did:plc:ybbq6h4crfia26g77ubfa6yu","Another excellent @exit6filmfest.bsky.social showcase screening last night, this one horror-themed, with 11 short films. 3 I had seen before, 8 brand new to me, including these 4.
 
#LastFourWatched #LetterboxdFriday #Letterboxd #FilmSky #Films #Movies 🍿🎬📽️🎞️","2026-10-09T06:29:26.203Z",5,0,0
"horror movies","at://did:plc:7bpembtn2efn3v2xlyqytkat/app.bsky.feed.post/3mxgdrnqsqc23","did:plc:7bpembtn2efn3v2xlyqytkat","This is one of the best horror movies I’ve watched in a long time. They used audio so masterfully and somehow managed to make an incredibly minimalist movie one of the most terrifying things I’ve ever watched. 

youtu.be/j6uDeBYDHu4?...","2026-10-09T06:26:54.602Z",0,0,0
"horror movies","at://did:plc:vsvmdtja4vvqekol7fc3ols7/app.bsky.feed.post/3mxgcp6purs2f","did:plc:vsvmdtja4vvqekol7fc3ols7","One year ago today I posted this miniature Pennywise photo I created. All shot practically using real figures, lighting and miniature sets. I digitally added the foreground rain the rest is all in camera

#it #pennywise #timcurry #stephenking #horror #movies #photography #visualart #toyphotography","2026-10-09T06:07:37.989Z",65,12,1
"horror movies","at://did:plc:ahq4xc2oaopiqympxgf3wan4/app.bsky.feed.post/3mxgc2hnqcs24","did:plc:ahq4xc2oaopiqympxgf3wan4","Anyway, horror movies have made me vow not to have childrem","2026-10-09T05:56:02.719Z",0,0,1
"horror movies","at://did:plc:gugr3hojzabgmq7eb2fc424o/app.bsky.feed.post/3mxgbz3vmm22z","did:plc:gugr3hojzabgmq7eb2fc424o","In my experience, horror movies are either the best thing ever or the worst thing ever and there is very little inbetween for all the ones I’ve seen.

It’s either cheap schlock full of jumpscares, or something that genuinely taps into primal or bespoke ideas of fear in people.","2026-10-09T05:55:16.837Z",2,0,0
"horror movies","at://did:plc:hdm2njd43luppt2c5u2pojqa/app.bsky.feed.post/3mxgaro37a22h","did:plc:hdm2njd43luppt2c5u2pojqa","does anyone want to come over on halloween and smoke weed while watching horror movies until we get scared","2026-10-09T05:33:13.719Z",0,0,0
"horror movies","at://did:plc:jfvspog5j2lhl6iohcrg3mnl/app.bsky.feed.post/3mxgahfxmvk2d","did:plc:jfvspog5j2lhl6iohcrg3mnl","I always save The Thing for my Halloween night watch, it's the capstone for a month of horror movies. But I forget how much grosser and wetter The Fly is and probably should have put it later in the schedule too.","2026-10-09T05:27:29.670Z",3,0,1
"horror movies","at://did:plc:ow4a3ryxyr37mlmk4ghf4mz2/app.bsky.feed.post/3mxgabzgadc2u","did:plc:ow4a3ryxyr37mlmk4ghf4mz2","Like I think the movie can be ambiguous but these people are just illiterate a-list pass holders who want to see horror movies with their annoying teenage friends","2026-10-09T05:24:28.746Z",0,0,0
"horror movies","at://did:plc:ddyp3xcqiccoylicmy3clahq/app.bsky.feed.post/3mxgab6oy622x","did:plc:ddyp3xcqiccoylicmy3clahq","www.hollywoodreporter.com/movies/movie...","2026-10-09T05:24:00.681Z",0,0,0
"horror movies","at://did:plc:gnunzot7spz764jm3pvfbiq4/app.bsky.feed.post/3mxg7tbrwa22g","did:plc:gnunzot7spz764jm3pvfbiq4","I've mostly been playing games instead of watching movies but safe to say I fucking love Austin Abrams, he is the horror king 🩷 #LetterboxdFriday #LastFourWatched","2026-10-09T05:16:14.199Z",15,0,1
"horror movies","at://did:plc:mmuupa7wwyfwifuucm2gnkt6/app.bsky.feed.post/3mxg6yc6wvd2g","did:plc:mmuupa7wwyfwifuucm2gnkt6","I've always loved monster movies, surreal fairy tales, and spooky comedies, but for the longest time I thought I didn't like horror movies because I came of age at a time when horror was popularly synonymous with slasher, and then the ""torture porn"" genre exploded, and I was just like, no.","2026-10-09T05:01:08.637Z",1,0,1
"horror movies","at://did:plc:xxejezaholfr6w5ycbgyqbpw/app.bsky.feed.post/3mxg6whg4ek22","did:plc:xxejezaholfr6w5ycbgyqbpw","every day of 2026, I'll post an animated film. 

2️⃣8️⃣2️⃣
TINY TOON NIGHT GHOULERY (1995)
dir. Rich Arons et al

A Halloween special that includes parodies of NIGHT GALLERY, DUEL and other horror movies. Originally intended for October '94, but it was pushed back to March '95.

#FilmSky","2026-10-09T05:00:07.020Z",5,1,0
"horror movies","at://did:plc:lo4movx44ccasem47t73hiaw/app.bsky.feed.post/3mxg6j5mtlc2f","did:plc:lo4movx44ccasem47t73hiaw","I have a real soft spot for ‘90s horror because that’s when I grew up and that’s when I discovered a lot of horror movies I still love. But I Know What You Did Last Summer is just like “what if Scream was kind of okay at best?”","2026-10-09T04:52:40.554Z",0,0,0
"horror movies","at://did:plc:ddyp3xcqiccoylicmy3clahq/app.bsky.feed.post/3mxg6ihukdc2w","did:plc:ddyp3xcqiccoylicmy3clahq","www.hollywoodreporter.com/movies/movie...","2026-10-09T04:52:17.737Z",0,0,0
"horror movies","at://did:plc:epwhah6jvcwmsyshif7fldye/app.bsky.feed.post/3mxg675xipk2c","did:plc:epwhah6jvcwmsyshif7fldye","other than the surprise contact, today was pretty fun! 🥞 I got to spend some lovely time with a friend, I watched some horror movies with my fiancee, I watched my dear play citizen sleeper (lem and mina ಥ⁠╭⁠╮⁠ಥ ), I ate some great pasta and then I got to watch the triple iii showcase!","2026-10-09T04:47:05.353Z",2,0,1
"horror movies","at://did:plc:ddyp3xcqiccoylicmy3clahq/app.bsky.feed.post/3mxg63wxg422w","did:plc:ddyp3xcqiccoylicmy3clahq","www.hollywoodreporter.com/movies/movie...","2026-10-09T04:45:17.350Z",0,0,0
"horror movies","at://did:plc:ff2xqfbhvd3dgus6o5dz63k5/app.bsky.feed.post/3mxg5m3xovj52","did:plc:ff2xqfbhvd3dgus6o5dz63k5","October horror blogging, I didn't have time to write yesterday's entry edition:
""The Devil at 3PM"" and ""Dog"".

https://mappapapa.neocities.org/blog/posts/2026-10-08-Movietober

#blog #movies","2026-10-09T04:36:23.000Z",1,0,0
"horror movies","at://did:plc:tdvu2g7qdmehy56oxffyvezy/app.bsky.feed.post/3mxg5jk4qbs2w","did:plc:tdvu2g7qdmehy56oxffyvezy","i was gonna do like ""GHOST SHIP"" but that doesn't work when I have to explain an iconic romantic movies with one of the BEST intros of a shit horror movie. 

Its not funny if I have to explain the joke.","2026-10-09T04:34:59.914Z",0,0,0
"horror movies","at://did:plc:yq3rdseoaisq3dvj35fzcmmx/app.bsky.feed.post/3mxg4sd5qi22e","did:plc:yq3rdseoaisq3dvj35fzcmmx","It’s officially spooky month! Time for #31DaysOfHorrorMovies 🎃 

#Halloween #Horror #HorrorMovies #Movies #HorrorMovieTheme 

Day 9: Exploitation Horror","2026-10-09T04:22:00.855Z",0,0,0
"horror movies","at://did:plc:4pzceviualawuakefp6psffy/app.bsky.feed.post/3mxg4mlzsvk2c","did:plc:4pzceviualawuakefp6psffy","David Lynch movies/shows are horror films. 

""The Pink Room."" 
youtu.be/uwqsh9IACyQ?...","2026-10-09T04:18:48.839Z",1,0,1
"horror movies","at://did:plc:rry2gz6irfnuyxvon47ngd3j/app.bsky.feed.post/3mxg4kwdz6c2j","did:plc:rry2gz6irfnuyxvon47ngd3j","I’d say that goes for all of the movies lol

The six Jovovich movies are beer & pizza scifi / action / horror movies that take liberal inspiration from the games.

Welcome to Raccoon City movie is basically a Cliff Notes mash of games 1 & 2 while doing some characters very very dirty.","2026-10-09T04:17:52.550Z",0,0,0
"horror movies","at://did:plc:5ep6j6qqutwind6ghwma3npn/app.bsky.feed.post/3mxg43powck2k","did:plc:5ep6j6qqutwind6ghwma3npn","If you want to fight back …start streaming Deadair.co right now and keep it playing all the way through the New Year!
@deadair.co is a 24/7 streaming radio station playing Halloween music from the first scratchy 78s to music of today. Also playing clips from horror movies, TV ads and film trailers.","2026-10-09T04:09:22.249Z",0,0,0
"horror movies","at://did:plc:o2cvvovq22puaee4skpcleo4/app.bsky.feed.post/3mxg3nlqndk2z","did:plc:o2cvvovq22puaee4skpcleo4","Jeez I didn’t even think of all the horror movies that’ll be in theaters again this month

Need my annual Midsommar director’s cut showing","2026-10-09T04:01:28.347Z",0,0,0
"horror movies","at://did:plc:lyjzb4mbtsw75r4gikgpzea2/app.bsky.feed.post/3mxg3lxscys25","did:plc:lyjzb4mbtsw75r4gikgpzea2","This is horrifying and I go to sleep watching horror movies","2026-10-09T04:00:33.873Z",0,0,0
"horror movies","at://did:plc:jikldok5rt5ncskunzj3pyho/app.bsky.feed.post/3mxg3k3eys22t","did:plc:jikldok5rt5ncskunzj3pyho","www.foodandwine.com/horror-boode...

@filledwithstraw.bsky.social @roricomics.bsky.social","2026-10-09T03:59:30.527Z",1,0,0
"horror movies","at://did:plc:brlra5qviwsbansrgtrtcnn6/app.bsky.feed.post/3mxg3igwgwc24","did:plc:brlra5qviwsbansrgtrtcnn6","Jessica Rothe is hoping her recent horror movie runs means good news for Happy Death Day 3

Rothe, whose funny and human performance as repeatedly murdered co-ed Tree was one of the big appeals of both Groundhog Day-themed slasher movies, is still holding out hope for a third one.
#media #news","2026-10-09T03:58:35.174Z",0,0,0
"horror movies","at://did:plc:lmtxmqgbgitkcbc3hnfvcvks/app.bsky.feed.post/3mxg3f4tux22f","did:plc:lmtxmqgbgitkcbc3hnfvcvks","Saw Other Mommy afterwards and I’m thankful that I was able to see it for free because what a fucking turd of a movie it is. It’s head to head with Undertone and Return to Silent Hill for the worst horror movies I’ve seen this year.","2026-10-09T03:56:44.278Z",0,0,1
"horror movies","at://did:plc:rlcgdbcpbivxyvhlp2k6lfhc/app.bsky.feed.post/3mxg36npubc2d","did:plc:rlcgdbcpbivxyvhlp2k6lfhc","Heres the trailer on #youtube from the movie as well you want a good early 90s throwback of horror movies 🎬 youtu.be/p2EZkRcw3LA?...","2026-10-09T03:53:07.105Z",0,0,0
"horror movies","at://did:plc:flgcihjvltny5qfpgqyl3vtp/app.bsky.feed.post/3mxg32ufmt22z","did:plc:flgcihjvltny5qfpgqyl3vtp","Oh, I know. Those movies were so horny! I tend to zone out during the pointless, drawnout sex scenes and just focus on the rest of the movie. I have a soft spot for crappy horror, though. The Subspecies franchise is a guilty pleasure of mine. Ever seen Shrunken Heads? It’s terrible, but I love it.￼","2026-10-09T03:50:59.884Z",1,0,1
"horror movies","at://did:plc:nvmnsuf35tb3pzvrfp6ujtfb/app.bsky.feed.post/3mxg2yjewkk2f","did:plc:nvmnsuf35tb3pzvrfp6ujtfb","I have seen corpses, with blood and all but never live violence.

Maybe that’s why I don’t care about horror movies, Halloween etc.

I have dressed up at parties, but it wasn’t exciting. I enjoyed the food and booze though","2026-10-09T03:49:41.227Z",1,0,1
"horror movies","at://did:plc:nuiyvoce22lqrwnjwo2kgyqm/app.bsky.feed.post/3mxg2q2nzo22t","did:plc:nuiyvoce22lqrwnjwo2kgyqm","LRS: I did know it and they are the two separate paths kids raised on B-movies take. You got the horror freak and the sci-fi dork, a perfect balance.","2026-10-09T03:44:57.355Z",0,0,0
"horror movies","at://did:plc:zrxdclss5qmqhlosx74ey5kh/app.bsky.feed.post/3mxg2omskok2p","did:plc:zrxdclss5qmqhlosx74ey5kh","A new #MovieReview for the BlumHouse film #OtherMommy has been penned, read it here: www.tumblr.com/roanreviews/...","2026-10-09T03:44:09.271Z",0,0,0
"horror movies","at://did:plc:xijtk4kd3dyd6jtihiiarqdw/app.bsky.feed.post/3mxg2n2jzzk2a","did:plc:xijtk4kd3dyd6jtihiiarqdw","Wishmaster 2 had some really good ideas, but didn't explore them enough and dropped a lot of the first movies crazy kills.","2026-10-09T03:43:16.567Z",1,0,0
"horror movies","at://did:plc:svovzvgejevwfzclxy4jqg54/app.bsky.feed.post/3mxg2i345bs2c","did:plc:svovzvgejevwfzclxy4jqg54","Movie: Jennifer's Body (Blu-ray)

I think this movie just may need to be placed in my top 4 on letterboxd. I'm not even bullshitting. EVERY TIME I watch it puts me in the bestest of moods! 😄 You either love this movie or you're lime-green Jell-O. I don't make the rules 🤷🏽‍♂️

#filmsky #horrorsky","2026-10-09T03:40:29.383Z",6,1,1
"horror movies","at://did:plc:zimd2ksgrm377rtgorb7krpe/app.bsky.feed.post/3mxfzyhxyv22r","did:plc:zimd2ksgrm377rtgorb7krpe","I hate when I see an awesome poster/thumbnail image with a cool little description for what sounds like a halfway decent movie, only to see this logo pop up 10 seconds into watching it and I just shut it off and go do laundry instead or some shit. These guys are like the LJN of Horror movies 💀","2026-10-09T03:31:46.012Z",97,9,19
"horror movies","at://did:plc:sn74lrgzkisufdz4qocqf2rq/app.bsky.feed.post/3mxfzelqtps2i","did:plc:sn74lrgzkisufdz4qocqf2rq","Current mood.

33 Days of Malachy Discontent's Horror Movies of the Millennium Countdown to Halloween.

Five Nights At Freddy's

Coming soon.","2026-10-09T03:20:38.832Z",2,0,0
"horror movies","at://did:plc:cud55h5apoyggfaiqq55qjtt/app.bsky.feed.post/3mxfzelsv5k2z","did:plc:cud55h5apoyggfaiqq55qjtt","If you wanted someone to get to know you, what horror movie would you show them?

Kill, Baby, Kill (1966)","2026-10-09T03:20:37.741Z",0,1,1
"horror movies","at://did:plc:6qj4jtdcdlysmrbin6gz7zal/app.bsky.feed.post/3mxfz5pyogc2r","did:plc:6qj4jtdcdlysmrbin6gz7zal","Brave New Love - from THE BLOB

#Movies #Horror #MusicSky #FilmSky","2026-10-09T03:16:48.453Z",1,0,1
"horror movies","at://did:plc:37amxsot6blamw7czn7arkrj/app.bsky.feed.post/3mxfz2hiwgc2u","did:plc:37amxsot6blamw7czn7arkrj","OH YES! I always forget about the silly song, I haven't seen the movie in years and years.
Somebody on YT said, ""The Exorcist needed a song like this,"" and now I'm just imagining all the iconic horror movies having one. They can be different styles, but they have to be light hearted lyrical themes.","2026-10-09T03:14:58.886Z",2,0,0
"horror movies","at://did:plc:lkzk3nza2zgca4d2zan7y7aa/app.bsky.feed.post/3mxfyyf5tx22h","did:plc:lkzk3nza2zgca4d2zan7y7aa","89. Caveat

My gf is out of town which means I can watch horror movies without alienating her! Anyway, I fuck with the Irish, this was one of the tensest movies I've ever seen. The scene where he's desperately sawing the drywall in the dark and looking over every couple seconds is SO good.","2026-10-09T03:13:49.301Z",0,0,0
"horror movies","at://did:plc:4s66ilghiuwi7cndyyficak3/app.bsky.feed.post/3mxfyxvcpgk2j","did:plc:4s66ilghiuwi7cndyyficak3","boxd.it/gH4amz","2026-10-09T03:13:32.699Z",0,0,0
"horror movies","at://did:plc:fxzuhuxil3fx2vedcbpfo3ua/app.bsky.feed.post/3mxfytqco322j","did:plc:fxzuhuxil3fx2vedcbpfo3ua","Watched that over the weekend! Loved it, was pleasantly surprised. Every October I watch 31 horror movies in 31 days and that was #3","2026-10-09T03:11:13.236Z",0,0,1
"horror movies","at://did:plc:o3xvoouo2ryfsnmgiq5jt3wn/app.bsky.feed.post/3mxfyoqfc7k2g","did:plc:o3xvoouo2ryfsnmgiq5jt3wn","Big Trouble in Little China sure is racist by today’s standards but it’s also by far the (only?) Hollywood film that gleefully captures the vibes of those weird horror comedy action HK movies from the 1990s","2026-10-09T03:08:25.550Z",6,0,2
"horror movies","at://did:plc:zp5cx7hcn3eheme34uhmrz2c/app.bsky.feed.post/3mxfyktn2b22c","did:plc:zp5cx7hcn3eheme34uhmrz2c","Between Resident Evil and Other Mommy, multi-limbed body horror is having ✨️A Moment✨️ right now in movies and I could not be loving it more lol","2026-10-09T03:06:14.730Z",0,0,0
"horror movies","at://did:plc:kfzfoynxukqv34mthmkd3jo5/app.bsky.feed.post/3mxfygnqnoc2p","did:plc:kfzfoynxukqv34mthmkd3jo5","tonights first time horror movies watches were american werewolf in london, which i did not rlly care for but had awesome practical effects, and death becomes her. which oh my god. LOVE. I LOVE GAY ART!","2026-10-09T03:03:54.341Z",9,0,0
"horror movies","at://did:plc:be67ky5hvk6z2hlweo2zx5vv/app.bsky.feed.post/3mxfxqulf6s2n","did:plc:be67ky5hvk6z2hlweo2zx5vv","How great is it that HELLRAISER: REVIVAL is not only one of the most authentic adaptations of the series since the original movies AND day one it’s only $40.  Horror freaks, we are eating well.","2026-10-09T02:51:43.304Z",1,0,1
"horror movies","at://did:plc:sn74lrgzkisufdz4qocqf2rq/app.bsky.feed.post/3mxfxp2pclk2q","did:plc:sn74lrgzkisufdz4qocqf2rq","33 Days of Malachy Discontent's Horror Movies of the Millennium Countdown to Halloween. Happy Death Day 2U is a 2019 American science fiction black comedy slasher sequel to Happy Death Day, it stars Jessica Rothe and Israel Broussard. A worthy sequel to the original.","2026-10-09T02:50:42.596Z",1,0,0
"horror movies","at://did:plc:ozwefujxtpff3vgfsaiblp6d/app.bsky.feed.post/3mxfxgkwfsk2h","did:plc:ozwefujxtpff3vgfsaiblp6d","Pinnochio was an absolute joy if you enjoy horror movies that don't even bother taking themselves seriously.","2026-10-09T02:45:57.643Z",1,0,1
"horror movies","at://did:plc:idp6vtjq6odrgzp3lidw363x/app.bsky.feed.post/3mxfxbgygpk2s","did:plc:idp6vtjq6odrgzp3lidw363x","one of my all time favorite movies. i haven't seen it in many years but i'm trying to get some folks together for a rewatch. perfect body horror for me; I have a weak stomach for gore and violence but this era of practical effects manages to adequately affect me without going past my limit","2026-10-09T02:43:05.743Z",1,0,0
"horror movies","at://did:plc:v7mo4spefbdbfbpuc2523edm/app.bsky.feed.post/3mxfx5m32iw2e","did:plc:v7mo4spefbdbfbpuc2523edm","My daughter (about to turn 13) wanted to watch some horror movies this year. I showed her The Sixth Sense, but she said it was more sad than scary (not wrong). 

So I showed her The Conjuring. She loved it. ","2026-10-09T02:40:56.758Z",0,0,1
"horror movies","at://did:plc:y7t4gwhliienblniktqpgyqa/app.bsky.feed.post/3mxfwyejiac2d","did:plc:y7t4gwhliienblniktqpgyqa","letterboxd.com/esoterica/li...","2026-10-09T02:38:01.164Z",0,0,0
"horror movies","at://did:plc:pv7ohq4xcnpqdvlgm6w6cwng/app.bsky.feed.post/3mxfwxp6dv22s","did:plc:pv7ohq4xcnpqdvlgm6w6cwng","The second the song starts, I think about The Shining, which is one of the most brilliant horror movies ever made. Nice choice!! #paws4music","2026-10-09T02:37:38.780Z",3,0,0
"horror movies","at://did:plc:b3rynh5e7pn2utetmn3xeq2h/app.bsky.feed.post/3mxfwvvpvsk2h","did:plc:b3rynh5e7pn2utetmn3xeq2h","I was planning on watching some horror movies this month but this photo will do the trick.","2026-10-09T02:36:38.539Z",0,0,0
"horror movies","at://did:plc:ixsrksm42uudz5ka5tuaup2u/app.bsky.feed.post/3mxfwvby23c2s","did:plc:ixsrksm42uudz5ka5tuaup2u","Hugh Dancy covered in blood makes me want Hugh Dancy in proper horror movies

What happened to the days when horror was a go-to mortgage payment for British actors?

#HannibalRewatch","2026-10-09T02:36:17.834Z",0,0,1
"horror movies","at://did:plc:y3mnjdt3hjm3nmwp5iogqrq7/app.bsky.feed.post/3mxfwu75kyk2l","did:plc:y3mnjdt3hjm3nmwp5iogqrq7","I love horror movies.","2026-10-09T02:35:41.313Z",0,0,0
"horror movies","at://did:plc:66t2kibqkqbqebbnyigefqyp/app.bsky.feed.post/3mxfwtctlrs2m","did:plc:66t2kibqkqbqebbnyigefqyp","I give other mommy a 3/5. Jessica Chastain is pretty good as a creepy demon, and convinced me she was a woman who never wanted to have children. I felt like it took some decent swings and didn’t fail? But man the tension was all over the place. Fun horror movie. Fun night at the movies.","2026-10-09T02:35:11.628Z",0,0,0
"horror movies","at://did:plc:xpmul3vfxebiak2aghk5m5w5/app.bsky.feed.post/3mxfwjx44zk2g","did:plc:xpmul3vfxebiak2aghk5m5w5","Of all the plot holes in all of the horror movies *looking at you Hugh Tension"" i will still never understand why they named Ali Larters character in Final Destination ""Clear"" .....wtf","2026-10-09T02:29:57.332Z",0,0,0
"horror movies","at://did:plc:5r5y7uig4vgexcnuwrhctvry/app.bsky.feed.post/3mxfwgpzei22u","did:plc:5r5y7uig4vgexcnuwrhctvry","Oh shit, I tortured my poor sister with horror movies growing up 😅🤣
She eventually gave up and became a fan of them too!

I agree with your little brother though, movies sometimes make you feel things you don't want to and that's often the point...","2026-10-09T02:28:09.241Z",1,0,0
"horror movies","at://did:plc:qhmvteb42m67cy4hgckqackg/app.bsky.feed.post/3mxfvwxrpns2p","did:plc:qhmvteb42m67cy4hgckqackg","Got to go support my local theater AND catch a showing of one of my favorite movies! ☺️ 

(Peep my lil horror girlie shirt👀😂) 

#horrorsky #filmsky","2026-10-09T02:19:20.508Z",3,1,0
"horror movies","at://did:plc:t7qqrj5otc2pysbva6jgou46/app.bsky.feed.post/3mxfvwa7yjc2d","did:plc:t7qqrj5otc2pysbva6jgou46","I learned recently that the first drafts of this were written by the guy who did the Quatermass movies, which are very British sci-fi horror stuff. Makes a lot of sense in retrospect.","2026-10-09T02:18:55.808Z",1,0,0
"horror movies","at://did:plc:5wsgr2vivfbdmctjv6qcgofa/app.bsky.feed.post/3mxfvtqs4oc27","did:plc:5wsgr2vivfbdmctjv6qcgofa","not so much of a halloween grinch that i won't see one of my favorite movies of all time when it plays my local

boxd.it/gH4xvf","2026-10-09T02:17:32.517Z",10,2,0
"horror movies","at://did:plc:nzrsvfi2fwqm2j4274albud7/app.bsky.feed.post/3mxfvtnemrc2z","did:plc:nzrsvfi2fwqm2j4274albud7","I don’t  ever want to hear Republicans talk about violent movies ever again. @secdef.govpeeps.us is no better than the Taliban. Children will see this. @repmikejohnson.bsky.social @thomtillis.bsky.social @joniernst.bsky.social @npr.org @pbsnews.org @cnn.com 
www.tiktok.com/t/ZTyqtGWLG/","2026-10-09T02:17:28.925Z",0,0,0
"horror movies","at://did:plc:4fffsmnjlhe2qncvsu56ivfc/app.bsky.feed.post/3mxfvsms2hk2u","did:plc:4fffsmnjlhe2qncvsu56ivfc","Night 8

I’m sure it’s safe on the ocean floor.

Leviathan (1989)

Watched on: Tubi

#horror #movies #31nightsofhorror","2026-10-09T02:16:54.763Z",0,0,0
"horror movies","at://did:plc:v6axxofxzohig75jbl23shqd/app.bsky.feed.post/3mxfvpckbik2m","did:plc:v6axxofxzohig75jbl23shqd","Yes!! Their songs about horror movies are so fun!!","2026-10-09T02:15:03.358Z",1,0,0
"horror movies","at://did:plc:rvu67iewv37qcskwd22qe7i4/app.bsky.feed.post/3mxfvn5c6hc25","did:plc:rvu67iewv37qcskwd22qe7i4","the Irish have been making some great horror movies lately. I enjoyed Oddity for example","2026-10-09T02:13:50.733Z",0,0,0
"horror movies","at://did:plc:id5lxvv7iragqpps4dpv4iyh/app.bsky.feed.post/3mxfvked22kdw","did:plc:id5lxvv7iragqpps4dpv4iyh","Stop getting logic into my horror movies, okay? #FrightClub","2026-10-09T02:12:17.450Z",4,0,1
"horror movies","at://did:plc:xnbnudgusxfths3wecizno24/app.bsky.feed.post/3mxfv7cl2sc2c","did:plc:xnbnudgusxfths3wecizno24","Army of darkness and gremlins 2 are the two 'absolute scaredycat' horror movies I can think of.","2026-10-09T02:06:06.517Z",2,0,0
"horror movies","at://did:plc:oeauzovaotrdrou2gwi6kkcn/app.bsky.feed.post/3mxfv3xhrx22c","did:plc:oeauzovaotrdrou2gwi6kkcn","Name your favorite song from a horror film:
youtu.be/9B4wzavAt8k?...","2026-10-09T02:04:14.212Z",2,0,1
"horror movies","at://did:plc:tdt5zkmbrxibkaihiylsbju2/app.bsky.feed.post/3mxfuxcfijs2i","did:plc:tdt5zkmbrxibkaihiylsbju2","31 Days of Halloween
Day 8: Found-Footage Horror Movies

Exists (2014)

#31DaysOfHalloween","2026-10-09T02:01:37.884Z",1,0,0
"horror movies","at://did:plc:yjkkqtgx6kudbptd4ud735fz/app.bsky.feed.post/3mxfuq7m2as2i","did:plc:yjkkqtgx6kudbptd4ud735fz","There is this local cinema club a couple of miles from my home. They play old movies on a traditional projector and have discussions afterwards. Film nerd shit that I like and they cover some descent horror movies. The only draw back is I'd have to go alone.","2026-10-09T01:57:40.085Z",4,0,1
"horror movies","at://did:plc:ytccbikuk7abvdlot5jo32n7/app.bsky.feed.post/3mxfuokqt4c2i","did:plc:ytccbikuk7abvdlot5jo32n7","watched deadstream, candyman, and smile in the last 24 hours. Take my hand, let's watch horror movies together.","2026-10-09T01:56:44.668Z",0,0,0
"horror movies","at://did:plc:vuugfpyymeimqqd3z5tpylif/app.bsky.feed.post/3mxfucenics2i","did:plc:vuugfpyymeimqqd3z5tpylif","VHS has certain charms, the fuzzyness of the image can add a certain impressionistic ambiguity to a horror film - but, on the whole, it's a pretty sub-optimal way to watch most movies. If you grew up with 36""+ 16:9 HD screens and any kind of external speaker... you have no idea how good you had it.","2026-10-09T01:49:55.616Z",3,0,1
"horror movies","at://did:plc:lm7gliilnmygvaqdn3qiivsm/app.bsky.feed.post/3mxfubwfapc2t","did:plc:lm7gliilnmygvaqdn3qiivsm","The Backrooms was more Silent Hill than the Silent Hill movie was

#TheBackrooms #SilentHill #horror #horrorcommunity #filmsky #movies","2026-10-09T01:49:40.665Z",0,0,0
"horror movies","at://did:plc:tpfpwzt53iay2txkli3nfw54/app.bsky.feed.post/3mxftuqpxkc2n","did:plc:tpfpwzt53iay2txkli3nfw54","it will be obvious why i was looking this up i like 10 minutes when i post the #inktober story for today but this is the most amazing horror movie sound ever and i don't like horror movies but i love this (cw: they are eating an animal in the video, it is not really that gross though)","2026-10-09T01:42:18.515Z",4,1,0
"horror movies","at://did:plc:ixz4ode2p3jzjbzhahxd3dyr/app.bsky.feed.post/3mxfttu2oz22k","did:plc:ixz4ode2p3jzjbzhahxd3dyr","Just finished fliers for not this weekend, but next weekend!

Oct 16th is FAZFEST, a FNAF themed party!
(Featuring games, movies, a special cocktail and more!)

Oct 17th is our first Costume Contest!
(Grand Prize is tickets to The Rocky Horror Picture Show at the Palace Theater!)","2026-10-09T01:41:48.446Z",0,0,0
"horror movies","at://did:plc:3xsjz2ntillsfapybuuwdzfw/app.bsky.feed.post/3mxfttjcr5k2m","did:plc:3xsjz2ntillsfapybuuwdzfw","#Buddy already feels objectively like the ""worst"" horror movie I've seen from this year, but I look back on it even less fondly whenever I recall that to watch it during Labor Day weekend, I broke my vow to only visit AMC for IMAX movies, after the CEO expressed support for the Paramount/WB merger.","2026-10-09T01:41:37.189Z",0,0,1
"horror movies","at://did:plc:h2sw5vexhbmq3ljrshqqfqzr/app.bsky.feed.post/3mxftr7cvo22g","did:plc:h2sw5vexhbmq3ljrshqqfqzr","I’ve seen better looking gouls in horror movies","2026-10-09T01:40:19.600Z",0,0,0
"horror movies","at://did:plc:mwpflljrv666csccin435ley/app.bsky.feed.post/3mxftnxxmns22","did:plc:mwpflljrv666csccin435ley","Been on a binge of classic horror movies lately, and I gotta say. Not only does Myers have more aura than Jason, he's also way funnier","2026-10-09T01:38:31.222Z",3,0,1
"horror movies","at://did:plc:bey7qh7f5kebjptojguhfepr/app.bsky.feed.post/3mxfteqo7sc2z","did:plc:bey7qh7f5kebjptojguhfepr","#412 The Guilty

Skip the 2021 remake. The original from Denmark tells a tense and fully cinematic story with limited sets.

reconrank.com/movies/the-guilty/
#HorrorMovies #Horror #Movies #Halloween","2026-10-09T01:33:21.581Z",0,0,0
"horror movies","at://did:plc:shau7hloektsscw4q6vahuhh/app.bsky.feed.post/3mxft7gvtuc2k","did:plc:shau7hloektsscw4q6vahuhh","Horror movies? Horror movies are killing film festivals?

Man, fuck Joseph Kahn. I will take any of these festival Horror movies over Torque anyway.","2026-10-09T01:30:23.582Z",19,4,2
"horror movies","at://did:plc:xpbdpvh5tczuejtxh23j5fht/app.bsky.feed.post/3mxft3xcyqc2z","did:plc:xpbdpvh5tczuejtxh23j5fht","Azzric’s 2026 Halloween Movie Marathon Day 8: Cabin Fever

#Horror #Movies","2026-10-09T01:28:26.000Z",1,0,0
"horror movies","at://did:plc:yvuvb4ps5doxdfm5dcfnst2j/app.bsky.feed.post/3mxft3tvcjc2y","did:plc:yvuvb4ps5doxdfm5dcfnst2j","I'm thankful for a lot of things...including horror movies and AMC FearFest! Let's celebrate Thanksgiving with an AMC Fear Fest watch-along, starting Oct 12th, 2026 at 11:15am during which time we will be watching the Nightmare on Elm Street series! youtube.com/live/AyefpS1...","2026-10-09T01:28:22.972Z",0,0,0
"horror movies","at://did:plc:x52j7w23mr5fir3zzbcobfhv/app.bsky.feed.post/3mxft35qmrs2d","did:plc:x52j7w23mr5fir3zzbcobfhv","Kevin S. Tenney
Ted Nicolau
David Schmoeller
Anthony Hickox
Brian Yuzna
Jeff Burr

All horror filmmakers who don't get nearly enough love. Loads of fun movies in their bodies of work. Seek their stuff out!","2026-10-09T01:27:59.749Z",2,0,0
"horror movies","at://did:plc:k5cg6inzwnkxxy5kbnchqze6/app.bsky.feed.post/3mxfsughjmc2k","did:plc:k5cg6inzwnkxxy5kbnchqze6","If a creepy toddler asks you to play, we'd say pass. If someone asks you to see 1989's PET SEMATARY Saturday at a Regal (regalmovies.bsky.social) location, do it! 

Find Heather Knight's (moriarteas.bsky.social) essay below & see local listings for showtimes.

midwestfilmjournal.com/2019/10/15/n...","2026-10-09T01:24:14.013Z",1,0,0
"horror films","at://did:plc:pqjjnhknkdmlssnstg2b5sgl/app.bsky.feed.post/3mxgmr2bb7c2m","did:plc:pqjjnhknkdmlssnstg2b5sgl","nobutlisten.com/2020/06/09/a...

Try to keep your head. These films aren’t going to make that easy, but don’t let that stop you!

#horror #horrormovies","2026-10-09T09:07:37.836Z",0,0,0
"horror films","at://did:plc:rf6zzdfrzuvozg3cnhwnijbp/app.bsky.feed.post/3mxgkv5gif22u","did:plc:rf6zzdfrzuvozg3cnhwnijbp","It’s why I stress these are all films I feel are “Horror-ish” or “Halloween-ish” in the rules. I keep really loose genre definitions as a rule, but ESPECIALLY in October. 🤷‍♀️😂😎","2026-10-09T08:34:07.901Z",1,0,0
"horror films","at://did:plc:bi7q3nyctrpzrjgu6jaci4pb/app.bsky.feed.post/3mxgis4ovnj2m","did:plc:bi7q3nyctrpzrjgu6jaci4pb","I had iffy feelings on it as well when I saw all the guns, and how combat based it looked.

I’ll check it at somepoint I’m sure as I like Clive Barker style horror, but given how it looks more like the rubbish later films, my hopes are low.","2026-10-09T07:56:38.893Z",1,0,1
"horror films","at://did:plc:ayj3oaq227n2qyusws2z7cg4/app.bsky.feed.post/3mxgiofw2ik2z","did:plc:ayj3oaq227n2qyusws2z7cg4","Thank you! I think I would consider it cheating as it’s more fun and satisfying to get the film without help. So I’ll just say that I think that’s William Powell but I can only think of the Thin Man films and My Man Godfrey and I wouldn’t have thought any of them were even horror-adjacent!","2026-10-09T07:54:34.435Z",1,0,1
"horror films","at://did:plc:bugv5c7gyfyzhqk4hzaypleo/app.bsky.feed.post/3mxghyhlrqc2e","did:plc:bugv5c7gyfyzhqk4hzaypleo","This Sat., Oct. 10 from 11:30 AM-1 PM Central! Chicago's #MuseumOfBroadcastCommunications presents ""A Frightful Afternoon"" featuring #NickDigilio & #RichKoz in honor of Nick's new book, ""40 Years, 40 Horror Films!"" Tickets: www.zeffy.com/en-US/ticket...","2026-10-09T07:42:17.994Z",1,0,0
"horror films","at://did:plc:pj2tn7vln3iwg2urpajsmtc2/app.bsky.feed.post/3mxgh76ayyk27","did:plc:pj2tn7vln3iwg2urpajsmtc2","I've now had the unsettling experience of watching a giant carnivorous tortoise hunt

The whole affair playing out at approximately 0.5 mph has you closer to the edge of your seat than any number of horror films might manage

Cold sweat stuff","2026-10-09T07:28:09.346Z",0,0,0
"horror films","at://did:plc:rxorbsehpet7eosoghagcdgq/app.bsky.feed.post/3mxggndk4v22a","did:plc:rxorbsehpet7eosoghagcdgq","It’s hilarious but also annoying that big name studios and producers are now listing themselves as “from the people that brought you Obsession/Backrooms” on the trailers for new horror films. 

Don’t try be the cool kids, the cool kids are the cool kids. You just chucked them some money.","2026-10-09T07:18:10.905Z",0,0,0
"horror films","at://did:plc:n42lre3mu62tvii6v7pnrfkv/app.bsky.feed.post/3mxgfkpolrv2p","did:plc:n42lre3mu62tvii6v7pnrfkv","What horrors lie hidden in the madman's laboratory? A new still from the NeuraScene gallery channels the suspense of classic 1940s sci-fi horror. #RetroSciFi #Horror","2026-10-09T06:58:49.095Z",0,0,0
"horror films","at://did:plc:jd3hlwpzeplo2ptsmsus5xua/app.bsky.feed.post/3mxgehy7j6kh7","did:plc:jd3hlwpzeplo2ptsmsus5xua","as a kid we had a vhs player & parents were away so i rented the evil dead and charged mates 50p to come & watch it

after they left i had to take the dog for a walk. we lived at the end of a mile long country lane with no street lamps, worst 20 minutes of my life... never watched horror films again","2026-10-09T06:39:23.754Z",4,0,3
"horror films","at://did:plc:qcgjne5esr6srv2dmn4z6dmc/app.bsky.feed.post/3mxgea575zk2o","did:plc:qcgjne5esr6srv2dmn4z6dmc","Longlegs... what the hell did I just watch. I don't get modern horror films.","2026-10-09T06:35:00.567Z",0,0,0
"horror films","at://did:plc:a7fiadvehv2vczvfjhjgqh34/app.bsky.feed.post/3mxge2nye2k2q","did:plc:a7fiadvehv2vczvfjhjgqh34","I can find any number of AI agents to recommend a film. But the BBC could be getting Mark Kermode to curate a list of the best British horror films, and that would be infinitely preferable. Or Bob Mortimer’s favourite comedies. Or Nigella’s cooking shows, or whatever.","2026-10-09T06:31:56.842Z",28,9,3
"horror films","at://did:plc:ra2abqyxchb7bewqvikwzrfe/app.bsky.feed.post/3mxgcjaydps2h","did:plc:ra2abqyxchb7bewqvikwzrfe","One of these films is definitely not like the others (oh hi, shark). Fun gelatinous antagonist with a theme tune that slaps, Vincent Price in full on Lovecraftian gothic horror, and a surprisingly good psychological slasher horror #LetterboxdFriday #LastFourWatched #filmsky #moviesky","2026-10-09T06:04:19.007Z",12,0,0
"horror films","at://did:plc:rhjvq2fqzihf6qobmn63ukwz/app.bsky.feed.post/3mxgcijfhhs2k","did:plc:rhjvq2fqzihf6qobmn63ukwz","October Horror movie marathon: The Exorcist. Extended Director's Cut. 

This movie is still one of the freakiest films ever. I'll probably watch II + III after this. #filmsky","2026-10-09T06:03:54.296Z",0,0,0
"horror films","at://did:plc:6jdo6t52brkm6crjxagljhgy/app.bsky.feed.post/3mxgahvlou22y","did:plc:6jdo6t52brkm6crjxagljhgy","This darkly comic film is directed by Freddie Francis, who had a long career churning out horror films for Hammer and Amicus. He wanted to do a feature where he had complete creative control. You can kind of think of this as Hammer adjacent.","2026-10-09T05:27:46.055Z",2,1,0
"horror films","at://did:plc:kev4u27rnqk4bn27zxuhiaya/app.bsky.feed.post/3mxgahq6ls22n","did:plc:kev4u27rnqk4bn27zxuhiaya","How would you describe the purpose of horror films? I have my answer, but I’m curious about what other people think.","2026-10-09T05:27:40.382Z",0,0,0
"horror films","at://did:plc:pma7fmjrc7uktnhtv4machii/app.bsky.feed.post/3mxg7ejcprk2w","did:plc:pma7fmjrc7uktnhtv4machii","A classic terror tome for Day 9 of this year's 31 Days of Halloween countdown on PCS365! First published by Lorrimer in 1973 and edited by Allen Eyles, Robert Atkinson, and Nicholas Fry, prepare to enter the hallowed pages of The House of Horror: the Story of Hammer Films 🎃","2026-10-09T05:07:58.771Z",2,0,0
"horror films","at://did:plc:6v6xuvaj4ra4piyvmg7bx5mx/app.bsky.feed.post/3mxg6qulp6l2w","did:plc:6v6xuvaj4ra4piyvmg7bx5mx","It's definitely played more sad and scary vs gonzo comedy horror than the OG Evil Dead films (tonally it's closest to the first one, but even then it's not a great comparison) but there's still notes of that here and there.

This feels like a conscious decision to make this (soft?) reboot its own","2026-10-09T04:56:59.147Z",0,0,1
"horror films","at://did:plc:7dujmwzokvyhj6lld4zrnwqf/app.bsky.feed.post/3mxg5sdr6ps2h","did:plc:7dujmwzokvyhj6lld4zrnwqf","Not to mention one of the most beautifully filmed horror films ever. You can say what you will about the plot (it's a movie made to be viewed twice); but it's hard today to find a film you can *feel*. The cold water on your legs. A wood board creak under a bare foot. A must view.","2026-10-09T04:39:55.236Z",0,0,0
"horror films","at://did:plc:fyaxgxdclrrlktsgjm4sldad/app.bsky.feed.post/3mxg2qjptn22g","did:plc:fyaxgxdclrrlktsgjm4sldad","Who needs horror films nowadays. They look so scary 😱","2026-10-09T03:45:13.146Z",0,0,0
"horror films","at://did:plc:knaqtbjv33fksw4xvq22n3uc/app.bsky.feed.post/3mxfztehlf22g","did:plc:knaqtbjv33fksw4xvq22n3uc","The OG of horror films. Just watched it the other day. Still freaked me out. 😳","2026-10-09T03:28:54.557Z",1,0,0
"horror films","at://did:plc:cud55h5apoyggfaiqq55qjtt/app.bsky.feed.post/3mxfzeknwjs2z","did:plc:cud55h5apoyggfaiqq55qjtt","If you wanted someone to get to know you, what horror movie would you show them?

(I have five)

The Wolf House (2018)","2026-10-09T03:20:37.739Z",0,0,1
"horror films","at://did:plc:htffkrkx7kmthstkee6qbif3/app.bsky.feed.post/3mxfypbezms26","did:plc:htffkrkx7kmthstkee6qbif3","Indeed Des, classic horror films but not recommended for those of a nervous disposition.","2026-10-09T03:08:43.368Z",1,0,0
"horror films","at://did:plc:6iullyi35ivvfmnrmrlhii6g/app.bsky.feed.post/3mxfydkioss2l","did:plc:6iullyi35ivvfmnrmrlhii6g","Coming Tomorrow, Friday 10/9 at 10am, the official trailer for Shiver: Slaying All Night, exclusively here on PVD Horror! 

Catch it here on IG or hop on the premiere on our YouTube channel here:
youtu.be/XUYlw8Sd3Q4

#shiver #shiverslayingallnight","2026-10-09T03:02:10.266Z",0,0,0
"horror films","at://did:plc:ulfmstuyaxxyaknye24agq4h/app.bsky.feed.post/3mxfybwkyyc25","did:plc:ulfmstuyaxxyaknye24agq4h","8 days into October, 8 horror (adjacent) films watched. Quite the eclectic bunch!

Psycho III
Oculus
Robin
Abraham’s Boys
Jade
The Birds II: Land’s End
The Gutwrencher
Mr. K","2026-10-09T03:01:15.818Z",6,0,2
"horror films","at://did:plc:zxb3wutuukf3gxb6yr4imyvh/app.bsky.feed.post/3mxfxcbgluc27","did:plc:zxb3wutuukf3gxb6yr4imyvh","It's indeed a mystery why the public is embracing horror films in the US while watching democracy die all around us 🤔🙄","2026-10-09T02:43:33.467Z",1,0,0
"horror films","at://did:plc:ejaltsuqpg2jspcf6lxffjxm/app.bsky.feed.post/3mxfwyphgi22s","did:plc:ejaltsuqpg2jspcf6lxffjxm","Oooh I Know Who She Is Dressed Up As Now. Wow. I Completely Forgot That Elvira Was A Thing. Whoever Requested Her Had Amazing Taste In Horror Films. I Have Seen The Horror Comedy Once In My Life Only. Our Lindel Is Doing Such An Amazing Job Dressing Up As Elvira. This Is Such Fantastic Work Here.","2026-10-09T02:38:12.633Z",1,0,0
"horror films","at://did:plc:lmypsjp7ec6wpurmjdeevd35/app.bsky.feed.post/3mxfwiv4ajk23","did:plc:lmypsjp7ec6wpurmjdeevd35","Tonight’s listen","2026-10-09T02:29:21.680Z",5,0,1
"horror films","at://did:plc:snasthysigssp432wfiy75xk/app.bsky.feed.post/3mxfvzebnnc2h","did:plc:snasthysigssp432wfiy75xk","Was gonna say Eraserhead is definitely one of his weirder films but its also his most horror one too. Its direct inspiration for The Shining by Kubrick.","2026-10-09T02:20:40.722Z",1,0,0
"horror films","at://did:plc:ex6mn3vt6a3kml6u6ammpm4j/app.bsky.feed.post/3mxftjru3kk26","did:plc:ex6mn3vt6a3kml6u6ammpm4j","As is the case with many found footage films, the actual horror in this movie takes a while to ramp up and get going, and it’s not exactly satisfactory once it finally gets there. An underwhelming effort all around.","2026-10-09T01:36:10.591Z",1,0,0
"horror films","at://did:plc:heunb24jrgvzmzg7bgwvgum5/app.bsky.feed.post/3mxftidvrqs2j","did:plc:heunb24jrgvzmzg7bgwvgum5","Possibly one distinction we can make in horror short films is between those that feel ""full"" versus those that feel ""partial""

This isn't exactly the same as the difference between fragmentary and complete

A fragment can be full within itself, and gesture to a wider world, while...","2026-10-09T01:35:22.424Z",1,0,1
"horror films","at://did:plc:5leumstoncddqls3b4ung25z/app.bsky.feed.post/3mxftboykcs2l","did:plc:5leumstoncddqls3b4ung25z","This evening's film is #Homebodies (1974) by Larry Yust. Found it on Criterion. The print is surprisingly poor but I believe in Criterion like a cult member, so I assume this is the best one available. Part of their Unwelcome Guest curation. #nfotd www.criterionchannel.com/films/HLp31Z...","2026-10-09T01:31:39.167Z",6,1,1
"horror films","at://did:plc:x3vaqxzpv4zgpjqtskkowgtl/app.bsky.feed.post/3mxfssnzinc27","did:plc:x3vaqxzpv4zgpjqtskkowgtl","To kick off my October horror movie jag, I watched the 3 newer Evil Dead films. I’ll say this: If you notice a sad brunette with heavy eye makeup early in the story, that’s always the protagonist.","2026-10-09T01:23:14.831Z",0,0,0
"horror films","at://did:plc:tlzlz3dbocprlw7tlb2civfj/app.bsky.feed.post/3mxfs6nrmdk2g","did:plc:tlzlz3dbocprlw7tlb2civfj","Well I definitely say The Cube if you haven't watched it.
Otherwise I've got some other favorites!
Deathwatch (2002) if you want one of the few ever WW1 supernatural horror films.
Chopping Mall (1986) for some goofy 80's fun
Ravenous (1999) for a frontier cannibal movie
Dagon (2001) for Lovecraft","2026-10-09T01:12:03.486Z",3,0,1
"horror films","at://did:plc:peiyufadnimuqaj3ubdov44p/app.bsky.feed.post/3mxfrtsx4xs2q","did:plc:peiyufadnimuqaj3ubdov44p","Now watching one of my favorite horror films.","2026-10-09T01:05:59.803Z",0,0,0
"horror films","at://did:plc:mit3vhihjjzsgtu6cnv4byqs/app.bsky.feed.post/3mxfrhiabhs24","did:plc:mit3vhihjjzsgtu6cnv4byqs","every year round this time of year i try and watch as many horror films as i can

finally started to do that this year and i’ve started with John Carpenter’s 1982 classic The Thing, and i’m looking forward to it a lot; it’s kinda ridiculous i haven’t watched it already ngl","2026-10-09T00:59:05.924Z",2,0,1
"horror films","at://did:plc:oprnmt74b67itjqev45tymkg/app.bsky.feed.post/3mxfqqbjbjk2a","did:plc:oprnmt74b67itjqev45tymkg","One if my favorite horror films! Really underrated if you ask me","2026-10-09T00:46:07.127Z",4,0,0
"horror films","at://did:plc:bsjjycnzuk75vb3qcqrukd7t/app.bsky.feed.post/3mxfqjnjans26","did:plc:bsjjycnzuk75vb3qcqrukd7t","#justwatched Guillermo del Toro’s Frankenstein (2025). I’m going to be honest, my interest in >2 hour films has been dwindling as of late.

Tomorrow, The Town That Dreaded Sundown.

#letterboxd #filmreview #horror #31daysofhalloween

boxd.it/gH0Bax","2026-10-09T00:42:24.823Z",0,0,0
"horror films","at://did:plc:2wtijdcczfriw36sqavu2xrf/app.bsky.feed.post/3mxfpdvfcik2o","did:plc:2wtijdcczfriw36sqavu2xrf","What's odd is that I really liked Cregger's last two films! Like a ton! The tone was a bit uneven with the comedy and horror but I felt it came in and out at the right times. RE however felt like a sitcom and not in the best way.","2026-10-09T00:21:18.018Z",1,0,1
"horror films","at://did:plc:oso5rzqgc6d73dfw3g4cjri5/app.bsky.feed.post/3mxfo3joza22q","did:plc:oso5rzqgc6d73dfw3g4cjri5","Still find it absolutely fascinating that Joseph Kahn went and wrote an entire article pissing on film festival attendees and horror fans who, let’s be real, are the only people who see his films. Masterful gambit sir!","2026-10-08T23:58:43.574Z",1,0,0
"horror films","at://did:plc:3vyvv66qjvxtenu5zemqdd6u/app.bsky.feed.post/3mxfngwk3ls2q","did:plc:3vyvv66qjvxtenu5zemqdd6u","Next Up….

Another one celebrating an Anniversary as This came out in 2006.

…

I know Mocap films are…mixed w/ most, but dammit I like this one.

And its definitely in the Horror Genre.

Time for…","2026-10-08T23:47:12.187Z",0,0,1
"horror films","at://did:plc:3wyqcpooocve3boge5s2vty7/app.bsky.feed.post/3mxfmzvyess2k","did:plc:3wyqcpooocve3boge5s2vty7","It didn't help that the version on Tubi is a murky VHS rip with lousy sound.  There is a BD, but it's sealed away as part of a giant Severin Films boxset.
severinfilms.com/collections/...","2026-10-08T23:39:55.616Z",1,0,1
"horror films","at://did:plc:6qgmm7ck2dn7rnxare3p3ko2/app.bsky.feed.post/3mxfmuga76k23","did:plc:6qgmm7ck2dn7rnxare3p3ko2","Rewatched Pet Sematary (‘89). Wow that film is dark! Certainly has a few flaws (and Zelda really freaks me out) but it’s a great little horror with a phenomenal performance from Miko Hughes as Gage and Fred Gwynne is ace as Jud. Also best genuine head bang scene in films when Louis falls out of bed.","2026-10-08T23:36:51.322Z",1,0,0
"horror films","at://did:plc:uyvfm62megfs5sd2kkf5fygm/app.bsky.feed.post/3mxfm6hmuf22u","did:plc:uyvfm62megfs5sd2kkf5fygm","If anyone is interested or cares, Barnes and Noble has all Horror/Thriller films 40% right now","2026-10-08T23:24:34.588Z",3,0,0
"horror films","at://did:plc:hyqf42pfqjb6pqbmpty52uwb/app.bsky.feed.post/3mxfkrifgx22b","did:plc:hyqf42pfqjb6pqbmpty52uwb","Begun my Halloween spooky season with these Universal horror movies I watched starting with Dracula (1931) to Frankenstein (1931). Then I rewatched all 5 Laika films to get me prepared for Wildwood this month. Below are my ranks from the pictures I took.","2026-10-08T22:59:25.432Z",2,0,0
"horror films","at://did:plc:manhfiga5hui2js5qo3huwqu/app.bsky.feed.post/3mxfk6mzekc2n","did:plc:manhfiga5hui2js5qo3huwqu","I literally rewatched this today and while some of the movie feels a little, uhhhhh, not to today's ideals, it's one of the most beautiful horror films ever and is STILL my favorite Dracula movie.","2026-10-08T22:48:52.758Z",2,0,1
"horror films","at://did:plc:yirlbpcckjxom2tmbrug3xiz/app.bsky.feed.post/3mxfjzck5622j","did:plc:yirlbpcckjxom2tmbrug3xiz","Not sure I'd consider this a horror personally (but it's close enough that I wouldn't go to great pains to argue with someone who said it is), but fucking Hell it's good. 

One of the best post-apocalyptic sci-fi films I've seen in a long time.","2026-10-08T22:45:54.001Z",0,0,0
"horror films","at://did:plc:z2uvfcc4sg3r5afbb4szabyk/app.bsky.feed.post/3mxfjvsp3uk2q","did:plc:z2uvfcc4sg3r5afbb4szabyk","THERE EXISTED AN ADDICTION TO BLOOD is a sonic masterpiece by @clppng.bsky.social. Horrorcore noise rap by the best to ever do it, the production draws influence from classic horror films, Daveed Diggs delivers impeccable flow, and we even get social commentary. 

open.spotify.com/album/0xeEJg...","2026-10-08T22:43:56.708Z",31,6,1
"horror films","at://did:plc:y2ynnudsoahwtxieue5rwqsc/app.bsky.feed.post/3mxfjsephws2j","did:plc:y2ynnudsoahwtxieue5rwqsc","www.yahoo.com/entertainmen...","2026-10-08T22:42:01.391Z",0,0,0
"horror films","at://did:plc:vabyii5faeu2t55iu7hlskrl/app.bsky.feed.post/3mxfjs7vxtc2q","did:plc:vabyii5faeu2t55iu7hlskrl","A horror movie a day keeps the doc away! There are no quality horror films released in history on this date or being released this month! It's October! Make our own! The Town is classic horror; gory & well acted! Practical effects! Sweet as honey!
#horror #horrorreview #psychostudios psychostudios21","2026-10-08T22:41:56.355Z",0,0,0
"horror films","at://did:plc:csxe6qxf4o5ckcr2zqffgplz/app.bsky.feed.post/3mxfjdf4nck23","did:plc:csxe6qxf4o5ckcr2zqffgplz","I get the feeling they've watched too many horror films!","2026-10-08T22:33:38.507Z",1,0,0
"horror films","at://did:plc:7dnpmepbsocqxcexcu2r3jwz/app.bsky.feed.post/3mxfjcetkpk2a","did:plc:7dnpmepbsocqxcexcu2r3jwz","31 HORRORS. The Exorcist (1973).

My 31 favorite Horror Films, one posted daily throughout October leading up to Halloween.","2026-10-08T22:33:04.650Z",8,0,4
"horror films","at://did:plc:s6i6ccjggxizo2zhvjqgntni/app.bsky.feed.post/3mxfisfpxsk2l","did:plc:s6i6ccjggxizo2zhvjqgntni","For #ThrowbackThursday, here is last year's #Halloween article, looking at one of the very best classic #Horror films ever made, the Jacques Tourneur psycological thriller ""Night of the Demon"", from 1957. A true masterclass film, check it out! #October 

retrorevelations.blogspot.com/2025/10/silv...","2026-10-08T22:24:08.713Z",1,1,0
"horror films","at://did:plc:ihgg3ogfyth7rei3hryx67ns/app.bsky.feed.post/3mxfiqndsfs2u","did:plc:ihgg3ogfyth7rei3hryx67ns","3 From Hell is definitely the worst of the trilogy.
I appreciate Zombie was trying yet another different style of grindhouse film, but it just doesn't make for a fun time.
Eh...
Need more fun horror films for the rest of the month.","2026-10-08T22:23:09.589Z",0,0,0
"horror films","at://did:plc:b7omlo6x66yvrrsvdp7xi2s3/app.bsky.feed.post/3mxfikbud7s2w","did:plc:b7omlo6x66yvrrsvdp7xi2s3","Yessssss. I would loooooove a Swamp Thing film! And with DC Studios’ commitment to making their films totally different, I can easily imagine a psychedelic horror vibe for a Swamp Thing movie, too :D.","2026-10-08T22:19:36.226Z",1,0,0
"horror films","at://did:plc:jorkn2y45xwiwppv5fav5u4k/app.bsky.feed.post/3mxfi6pxdzc2z","did:plc:jorkn2y45xwiwppv5fav5u4k","The Trump Administration is simply ""sick"".  The shooting down of American citizens in the streets was just the beginning of their violence.  This is the stuff of horror films.","2026-10-08T22:13:08.354Z",4,0,0
"horror films","at://did:plc:gqebbn6jslhtcf3hi22f4u7j/app.bsky.feed.post/3mxfhrxm4nk2o","did:plc:gqebbn6jslhtcf3hi22f4u7j","www.yahoo.com/entertainmen...","2026-10-08T22:06:00.167Z",1,0,0
"horror films","at://did:plc:swxfaiw6i6czq2wge4zr4vmf/app.bsky.feed.post/3mxfhqdjwc22p","did:plc:swxfaiw6i6czq2wge4zr4vmf","A ridiculous way to do a horror film list that ranks films on generally positive reviews and sees His House ranked #1 while an acknowledged classic like The Exorcist is #183.
Pointless but here it is anyway
editorial.rottentomatoes.com/guide/best-h...","2026-10-08T22:05:05.567Z",2,0,0
"horror films","at://did:plc:zgzqq5k5wd2xra7mqphuwhwq/app.bsky.feed.post/3mxfhjcdit22t","did:plc:zgzqq5k5wd2xra7mqphuwhwq","Om-Goodness! I won't watch. I can't do it. I love horror films but not real executions.🥹🫣","2026-10-08T22:01:09.418Z",0,0,0
"horror films","at://did:plc:7d75ge2yk2p3z7cvelq7mfdh/app.bsky.feed.post/3mxfh7mzmfk2s","did:plc:7d75ge2yk2p3z7cvelq7mfdh","“Like a lot of imaginary friend horror films, Other Mommy writes itself into a bind it can’t entirely escape. But it throws enough random insanity at you that things never feel predictable. It’s not an uncontested win, but Other Mommy delivers creepiness that picks a particular scab.”","2026-10-08T21:55:45.092Z",1,0,0
"horror films","at://did:plc:tf5kg4waq5xs5uxeaown3a7v/app.bsky.feed.post/3mxfh7k4qps26","did:plc:tf5kg4waq5xs5uxeaown3a7v","Do any of y’all watch nuclear war movies for comfort? I’ve known lots of people who watch like serial killer documentaries and horror movies as comfort media, but I’ve never met anyone else who does with nuclear war movies and I’d love to meet anyone who loves nuclear war films like I do!","2026-10-08T21:55:42.050Z",0,0,0
"horror films","at://did:plc:kwekibzo27s7mr4qaifx7d3i/app.bsky.feed.post/3mxfgnibymk2m","did:plc:kwekibzo27s7mr4qaifx7d3i","The stuff of horror films.","2026-10-08T21:45:36.146Z",1,0,0
"horror films","at://did:plc:rrpwu6c4e6y7gos3neiqyhpf/app.bsky.feed.post/3mxfgkgqkus2y","did:plc:rrpwu6c4e6y7gos3neiqyhpf","","2026-10-08T21:43:53.864Z",0,0,0
"horror films","at://did:plc:vmdmxryfga5iempvyapa2j3h/app.bsky.feed.post/3mxfg2p4xns2u","did:plc:vmdmxryfga5iempvyapa2j3h","Possessed DVD seeks new home. Tested, working, and only mildly cursed. 👻 The Exorcist 25th Anniversary Edition is ready for spooky season. Buy before it starts rotating its head again. #TheExorcist #HorrorDVD #Halloween #MovieCollector #DVD
ebay.io/m/DKBgju","2026-10-08T21:35:05.787Z",0,0,0
"horror films","at://did:plc:loc6aznxtsyp3bxbrvdulhei/app.bsky.feed.post/3mxfg23fqgs2y","did:plc:loc6aznxtsyp3bxbrvdulhei","This book is creepy! As a parent this is horrifying to think about. I am never scared for myself but not being able to protect my kid is a big fear!

A quick but terrifying read","2026-10-08T21:34:45.101Z",2,0,0
"horror films","at://did:plc:2wrxxpw5e2iqycx6fhlj6ngh/app.bsky.feed.post/3mxffqbvce22f","did:plc:2wrxxpw5e2iqycx6fhlj6ngh","“A Nightmare On Elm Street” is the first film in one of the most popular #horror franchises. I’m calling it right now - this movie is superior to the initial “Halloween” & “Friday The 13th” films. #HalloweenMovies
#NowWatching #NowShowing
#Halloween #HorrorMovies

I went there.","2026-10-08T21:29:16.340Z",2,0,0
"horror films","at://did:plc:msv7i222r62bll7qc36ydihn/app.bsky.feed.post/3mxffkmraps25","did:plc:msv7i222r62bll7qc36ydihn","31 DAYS OF HORROR DAY 8: MESSIAH OF EVIL
rorschachisgay.substack.com/p/31-days-of...","2026-10-08T21:26:06.435Z",0,0,0
"horror films","at://did:plc:6mnfra5zgec7b2hj24f5dql7/app.bsky.feed.post/3mxffig6zzk2r","did:plc:6mnfra5zgec7b2hj24f5dql7","📌 Hi, I'm Proxy! Your friendly computer virus cat! I stream handheld games off their original hardware on Twitch as ProxyGlitchcat, and make chiptune noise music as prroxy!

Also into card games (esp MTG), anime/manga, horror, films, & more!

🐱👾
💻 prroxy.carrd.co for all links!
#ProxyDotPNG for art!","2026-10-08T21:24:52.392Z",29,5,1
"horror films","at://did:plc:omlkagy5pp7fmisobws6hi6a/app.bsky.feed.post/3mxfexr7xdc2h","did:plc:omlkagy5pp7fmisobws6hi6a","God I have so many thoughts on Carrie, most good and some bad but overall it’s a very faithful adaptation that pays tribute to the book and films that came before it. Mike Flanagan truly respects King’s work and also make each adaptation of his feel unique and entertaining for all horror fans.","2026-10-08T21:15:33.574Z",1,0,0
"horror films","at://did:plc:oka4jkhbhpzd7tpzbujimnif/app.bsky.feed.post/3mxfes4cdqs2z","did:plc:oka4jkhbhpzd7tpzbujimnif","im gonna have to redo that horror all-timer list. did u guys know there's a lot of good horror films","2026-10-08T21:12:23.864Z",3,0,1
"horror films","at://did:plc:wr2qieegvlrewfspp5nf3elx/app.bsky.feed.post/3mxferyvie22f","did:plc:wr2qieegvlrewfspp5nf3elx","second this - I only read horror movie reviews from a handful of trusted sources. I also have to know we generally like the same horror films 😆","2026-10-08T21:12:20.297Z",2,0,0
"horror films","at://did:plc:427pura2mejgb26pvj4mwqpc/app.bsky.feed.post/3mxfe5bweyr2j","did:plc:427pura2mejgb26pvj4mwqpc","The Book of Fate is one of those foreign horror films that commits completely to its premise and never blinks. Romanian horror operating at a level most Western audiences have never encountered. A genuine entry point worth your time","2026-10-08T21:00:45.024568Z",0,0,0
"horror films","at://did:plc:uxkped6z5qunitmw5n2jufsl/app.bsky.feed.post/3mxfdvuzauc24","did:plc:uxkped6z5qunitmw5n2jufsl","I read it as him referring strictly to the recent wave of horror films that get the ""elevated"" treatment by critics","2026-10-08T20:56:36.701Z",0,0,1
"horror films","at://did:plc:4u6rsrdvsqnin6bgfvfch3eu/app.bsky.feed.post/3mxfdsbcarc2f","did:plc:4u6rsrdvsqnin6bgfvfch3eu","horror and genre films have been at tiff forever. the midnight madness block in particular was established in 1988. while sure theres gestures to greater market realities here this is incredibly shortsighted and just kind of stupid","2026-10-08T20:54:35.362Z",0,0,1
"horror films","at://did:plc:vabyii5faeu2t55iu7hlskrl/app.bsky.feed.post/3mxfdre2fis2b","did:plc:vabyii5faeu2t55iu7hlskrl","It's wild how there are no quality horror films released in history on this date or being released this month! It's October! We make our own! The Bees is classic horror; gory & well acted! Practical effects! Sweet as honey!
#horror #horrorreview #psychostudios psychostudios21","2026-10-08T20:54:04.688Z",0,0,0
"horror films","at://did:plc:q4g5izzathf5uas6ehoq6xko/app.bsky.feed.post/3mxfd3g224s2i","did:plc:q4g5izzathf5uas6ehoq6xko","Continuing Horrorthon 2026 with - Barbarian

This personally still remains to be one of the most surprising Horror films from the last decade.

Brilliant performances with extreamly tense, gnarly & disturbing scenes with unexpected story reveals.

#Halloween🎃 #Horror","2026-10-08T20:41:48.575Z",0,0,0
"horror films","at://did:plc:slwdb53t2jcy7whbyxzvw3o3/app.bsky.feed.post/3mxfd3dyw5c2p","did:plc:slwdb53t2jcy7whbyxzvw3o3","Yeah, I’ve noticed that Zach Cregger’s balance of horror and comedy seems to be a bit uneven from what I’ve seen and read about his movies. Like at least Jordan Peele’s films tend to be equally balanced, whereas Cregger has yet to strike that unity.","2026-10-08T20:41:46.449Z",0,0,1
"horror films","at://did:plc:3rnan53ha4ulqirtnx6wughz/app.bsky.feed.post/3mxfcielbb226","did:plc:3rnan53ha4ulqirtnx6wughz","boxd.it/gCScLr","2026-10-08T20:31:09.515Z",1,0,0
"horror films","at://did:plc:4kjy67j6vk57defvnna3qz5q/app.bsky.feed.post/3mxfcalmmnc23","did:plc:4kjy67j6vk57defvnna3qz5q","His piece is one of the most embarrassing things I’ve ever seen published. But more to the point, TWO OF HIS FILMS ARE HORROR MOVIES THAT PLAYED FESTIVALS! Does he not have a memory of that.","2026-10-08T20:26:48.466Z",5,0,1
"horror films","at://did:plc:4lp2aznf7mtlbpab4fymrgmg/app.bsky.feed.post/3mxfbu5z5bk2v","did:plc:4lp2aznf7mtlbpab4fymrgmg","I am not against brutal nihilism in horror - Martyrs is one of my favorite horror films - but there has to be SOME reason why I just watched two hours of this stuff. If all you've done is film a fake snuff film, congrats, I guess? But...why? Sure, you evoked revulsion and disgust, but...to what end?","2026-10-08T20:19:51.543Z",3,0,1
"horror films","at://did:plc:57wj4nw67olvgd4nozaeiu6s/app.bsky.feed.post/3mxfbgwnvkk2d","did:plc:57wj4nw67olvgd4nozaeiu6s","This is one of the stupidest things I've ever read, not least because some of the best films of the past few years have been from the horror genre. www.hollywoodreporter.com/movies/movie...","2026-10-08T20:12:27.626Z",0,0,0
"horror films","at://did:plc:r64ker3ksw5guq4lxp5ce7en/app.bsky.feed.post/3mxfbaivif22c","did:plc:r64ker3ksw5guq4lxp5ce7en","The Exorcist (1973)

Older horror films entertain me, but rarely ever scare me. I see where the reputation for the ""Scariest Film Ever"". Still incredibly effective and frightening to this day with how grounded it is. Didn't help that I was watching this with wind and rain outside. 

4/5 Pazuzu faces","2026-10-08T20:08:51.867Z",1,0,0
"horror films","at://did:plc:427pura2mejgb26pvj4mwqpc/app.bsky.feed.post/3mxfaxpcvwy2j","did:plc:427pura2mejgb26pvj4mwqpc","Japanese horror earns its reputation through atmosphere and dread, not gore. These three films cover a ghost story, a slow-burn shocker, and a psychological thriller","2026-10-08T20:03:56.523297Z",0,0,0
"horror films","at://did:plc:q4umocykkfvoz3nkcoq7fuvt/app.bsky.feed.post/3mxfaxju6p22k","did:plc:q4umocykkfvoz3nkcoq7fuvt","Watched one of my favorite 90s cult classic horror films last night, Brainscan (1994). I feel like I'm alone in loving this, it just does so much for me. I love how even though if it's kind of fucked up and sleazy, it still goes for the slightly wholesome ending. Makes for a great late night watch.","2026-10-08T20:03:50.869Z",3,0,2
"horror films","at://did:plc:32iyzz4u7p5zegqblowxxsxc/app.bsky.feed.post/3mxfawzl6t22s","did:plc:32iyzz4u7p5zegqblowxxsxc","Beware Boiúna: rickety-bridges-and-quicksand cinema is alive and well in 2026. Very sturdy, grisly movie indulging in fine tried-and-true traditions. One of the better horror films I've seen from this year.","2026-10-08T20:03:33.812Z",7,1,1
"horror films","at://did:plc:uuvsyfappjtezjgudoxqnp7y/app.bsky.feed.post/3mxfapyjyds2t","did:plc:uuvsyfappjtezjgudoxqnp7y","So today I seem to have some horror gamer envy, as many of you are delving deep into the pale flesh of the new Hellraiser Revival videogame. 
Mostly I've been seeing positive responses so far- a kind of sequel to the films and very depraved, kinky and gore-filled. 

Have you opened the box?","2026-10-08T19:59:37.843Z",0,0,0
"horror films","at://did:plc:wzg3njwjlvmu6vfhlu4sddcp/app.bsky.feed.post/3mxfaputvzk2e","did:plc:wzg3njwjlvmu6vfhlu4sddcp","I’ve always liked surprising people! Liv looks like a swimsuit model…but she’s a pro wrestler & lives on a farm 💜

And she’s just like the sweetest person, but she’s also a bit of a bro too…she makes soap (really) & she’s really into horror films &…sneakers (🤣), she’s so random, I love it! 🥰💐","2026-10-08T19:59:33.975Z",1,1,1
"horror films","at://did:plc:5r5y7uig4vgexcnuwrhctvry/app.bsky.feed.post/3mxfajnpd6c2c","did:plc:5r5y7uig4vgexcnuwrhctvry","Oh, going by your profile pic you both look very much alike!
My sister is awesome as well, she grew up with me tormenting her with horror films and now she's a diehard fan! 😂👍","2026-10-08T19:56:05.157Z",2,0,1
"horror films","at://did:plc:fydql7uy2kzdqemzice5kmgg/app.bsky.feed.post/3mxfacozzfs2p","did:plc:fydql7uy2kzdqemzice5kmgg","one of the best peter jackson films and horror movies in general besides the first few minutes of it","2026-10-08T19:52:11.676Z",1,0,0
"horror films","at://did:plc:xqleqpadej3bontfh34j2ndn/app.bsky.feed.post/3mxf7pjloj226","did:plc:xqleqpadej3bontfh34j2ndn","Well, that and they took Neuromancer away from him and tried to give it to a horror guy, then he tried to do a couple of the horror films he has contempt for and basically failed. Maybe he can get Eminem to foot the bill for something else nobody cares about.","2026-10-08T19:41:28.429Z",2,0,0
"horror films","at://did:plc:erumqil4wskn6ptoduaf66oh/app.bsky.feed.post/3mxf7ittvhk2i","did:plc:erumqil4wskn6ptoduaf66oh","Today's dip into the horror world brings us Ready or Not 2, Here I Come, a horrific (you'll see how we mean it) sequel to Ready or Not.   

31 Days of Horror keeps on rollin' - stay with us for even more horror themed things, from films to foods, games to TV and more.  We're not nearly done.","2026-10-08T19:37:44.302Z",0,0,0
"horror films","at://did:plc:tv4wycnplpn26uzkdw5fui4k/app.bsky.feed.post/3mxf6xntar22c","did:plc:tv4wycnplpn26uzkdw5fui4k","Oh for sure! The move from horror to action films for Alien I feel has hurt it.","2026-10-08T19:28:07.565Z",0,0,0
"horror films","at://did:plc:k6muzoexjhi77o2nxk7r7n57/app.bsky.feed.post/3mxf6x3s6ws2v","did:plc:k6muzoexjhi77o2nxk7r7n57","yeah she was something else and it was one of my favorite films this year and just an overall amazing horror flick.","2026-10-08T19:27:48.656Z",0,0,0
"horror films","at://did:plc:loc6aznxtsyp3bxbrvdulhei/app.bsky.feed.post/3mxf6uuhba222","did:plc:loc6aznxtsyp3bxbrvdulhei","It reads to me like an elitist attitude, looking down in the “lesser” horror films","2026-10-08T19:26:33.848Z",4,0,0
"horror films","at://did:plc:2r7ac3m3ltzdmbxbhzo3foo2/app.bsky.feed.post/3mxf6uj4oos2t","did:plc:2r7ac3m3ltzdmbxbhzo3foo2","It'd not really autumn or hallowe'en until Scott reviews too many horror films for his own good","2026-10-08T19:26:21.968Z",1,0,0
"horror films","at://did:plc:6edc4awikptntgivmcffahye/app.bsky.feed.post/3mxf6qlk2yc2i","did:plc:6edc4awikptntgivmcffahye","My first 3 horror films for Halloween Movie Month

Resident Evil (2026)
Forbidden Planet (I said what I said) 
The Student of Prague (1926)","2026-10-08T19:24:10.285Z",0,0,0
"psychological horror","at://did:plc:tvl6oepqovt3sc6qqxi4xg3h/app.bsky.feed.post/3mxgjlkdcic23","did:plc:tvl6oepqovt3sc6qqxi4xg3h","#pretendpanel 9 Oct: origin story?

Been everywhere in my writing from winning a TV show at 10, to poetry comps, journalism, academia, non-fiction but what sparked me back into fiction was my love of Japanese writers

tlfiction.com/horror/that-...

#WritingCommunity #Writers #Authors #WritingPrompts","2026-10-09T08:10:52.140Z",1,0,0
"psychological horror","at://did:plc:tvl6oepqovt3sc6qqxi4xg3h/app.bsky.feed.post/3mxgj7xmqwc23","did:plc:tvl6oepqovt3sc6qqxi4xg3h","#pretendpanel 9 Oct: origin story?

Been everywhere in my writing from winning a TV show at 10, to poetry comps, journalism, academia, non-fiction but what sparked me back into fiction was my love of Japanese writers

tlfiction.com/horror/that-...

#WritingCommunity #Writers #Authors #WritingPrompts","2026-10-09T08:04:23.424Z",2,1,0
"psychological horror","at://did:plc:2d5i7ba5fnujzp3z7mwbtujx/app.bsky.feed.post/3mxgfn62kkc2h","did:plc:2d5i7ba5fnujzp3z7mwbtujx","Psychological thriller, folk horror with a bit of speculative fiction thrown in. At the End of the Woods has an apocalyptic theme.","2026-10-09T07:00:11.412Z",1,0,0
"psychological horror","at://did:plc:w76k4k66of3oz5jvtnqjv3wu/app.bsky.feed.post/3mxgdcvm2bc2n","did:plc:w76k4k66of3oz5jvtnqjv3wu","Project Zomboid and The Long Dark are solid choices for psychological torture! Have fun with the horror games. 🧟","2026-10-09T06:18:39.521Z",1,0,0
"psychological horror","at://did:plc:sjzgumotywgpuezmmbdghrd2/app.bsky.feed.post/3mxgcxbiudg2r","did:plc:sjzgumotywgpuezmmbdghrd2","❖ [TREND DEAL] Invokyr
───────────────
PRICE  | $9.74 (25% OFF,$12.99)
RATING | Very Positive
───────────────

▶ Store Page

#TrendingGame #Steam #Action #Adventure #Indie ","2026-10-09T06:12:07.899575+00:00",5,0,0
"psychological horror","at://did:plc:gm7zapkezq3yjhaxmlnfuhmf/app.bsky.feed.post/3mxgcpjzkys2t","did:plc:gm7zapkezq3yjhaxmlnfuhmf","2/4…Death penalty is already a horror humans shouldn’t touch. But broadcasting it? Televising executions like goddamn entertainment? That’s a crime by soulless demons. Untold trauma. Untold damage. Psychological poison pumped straight into your kid’s skull. Lifelong scars. Unthinkable implications.","2026-10-09T06:07:48.974Z",7,1,1
"psychological horror","at://did:plc:w3pedgrdfidedkqzfpcicw5d/app.bsky.feed.post/3mxg7jnqkok2o","did:plc:w3pedgrdfidedkqzfpcicw5d","It felt like it just couldn't commit, I guess? Too much was going on in the background or hinted at without being shown and it pulled it's punches far too much. It focused too much on the psychological aspect and  forgot the horror part, or were too light with it.","2026-10-09T05:10:51.195Z",0,0,1
"psychological horror","at://did:plc:l2enlxfltg73tewic4v3y6lj/app.bsky.feed.post/3mxg6dger6s2n","did:plc:l2enlxfltg73tewic4v3y6lj","It's not like horror-horror in the sense of Dracula or It or Texas Chainsaw Massacre. More psychological and gritty survival. Important to know: Rachel Macadams is rendered ""unattractive"" by means of a large fake mole","2026-10-09T04:49:28.399Z",1,0,1
"psychological horror","at://did:plc:sjzgumotywgpuezmmbdghrd2/app.bsky.feed.post/3mxg6573fsw2s","did:plc:sjzgumotywgpuezmmbdghrd2","❖ [TREND DEMO] lily's world XD
───────────────
RATING | Overwhelmingly Positive
REVIEWS| 1,380 reviews 💬
───────────────

▶ Store Page

#TrendingGame #Steam #SteamDemo #Casual #Indie ","2026-10-09T04:45:58.009829+00:00",4,1,0
"psychological horror","at://did:plc:sjzgumotywgpuezmmbdghrd2/app.bsky.feed.post/3mxg5oicln62v","did:plc:sjzgumotywgpuezmmbdghrd2","❖ [TREND DEMO] lily's world XD
───────────────
RATING | Overwhelmingly Positive
REVIEWS| 1,380 reviews 💬
───────────────

▶ Store Page

#TrendingGame #Steam #SteamDemo #Casual #Indie ","2026-10-09T04:37:41.550811+00:00",3,1,0
"psychological horror","at://did:plc:qo4hriogvsrgd4srn565dexl/app.bsky.feed.post/3mxg43uj6tc2e","did:plc:qo4hriogvsrgd4srn565dexl","How long would you survive if your next choice could be your last?
Condition Unknown is a text-based psychological horror game with branching paths and multiple endings—now playable in 7 languages.
Find your ending on Steam 👇
store.steampowered.com/app/4583080/Condition_Unknown/","2026-10-09T04:09:27.305Z",1,0,0
"psychological horror","at://did:plc:sjzgumotywgpuezmmbdghrd2/app.bsky.feed.post/3mxfzi3e7ae2y","did:plc:sjzgumotywgpuezmmbdghrd2","❖ [TREND DEMO] lily's world XD
───────────────
RATING | Overwhelmingly Positive
REVIEWS| 1,377 reviews 💬
───────────────

▶ Store Page

#TrendingGame #Steam #SteamDemo #Casual #Indie ","2026-10-09T03:22:33.543305+00:00",3,1,0
"psychological horror","at://did:plc:sjzgumotywgpuezmmbdghrd2/app.bsky.feed.post/3mxfy62mw2b2m","did:plc:sjzgumotywgpuezmmbdghrd2","❖ [TREND DEMO] lily's world XD
───────────────
RATING | Overwhelmingly Positive
REVIEWS| 1,376 reviews 💬
───────────────

▶ Store Page

#TrendingGame #Steam #SteamDemo #Casual #Indie ","2026-10-09T02:59:04.266782+00:00",4,1,0
"psychological horror","at://did:plc:ynxknq4dsprkkgv3o4go45sj/app.bsky.feed.post/3mxfx5gq5sc2d","did:plc:ynxknq4dsprkkgv3o4go45sj","Unfortunately anything gory or violent is a hard pass for her^^;

So we've been checking out more psychological horror type stuff (or stuff that has few/short enough violent scenes that we can skip over them)","2026-10-09T02:40:51.254Z",0,0,0
"psychological horror","at://did:plc:65u37bfanwf3nhuxcmnd4m67/app.bsky.feed.post/3mxfvvga6r224","did:plc:65u37bfanwf3nhuxcmnd4m67","Mojiken Studio and Toge Productions have released WORK WORK WORK Prologue on Steam, giving players a chance to experience the opening chapter of their upcoming psychological horror puzzle adventure.
#indiegames
https://www.yogomi.com/2026/10/work-work-work-prologue-brings-workplace-horror-to-steam/","2026-10-09T02:18:23Z",4,0,0
"psychological horror","at://did:plc:nvyye2fqjrf2yebq7h7d2bpq/app.bsky.feed.post/3mxfvnue7nc22","did:plc:nvyye2fqjrf2yebq7h7d2bpq","Going live for some late-night-ish Desktop Explorer! The label says psychological horror but the scariest part is that it's a puzzle game... twitch.tv/himeutsugi #vtubers #vsky","2026-10-09T02:14:14.930Z",5,2,0
"psychological horror","at://did:plc:65u37bfanwf3nhuxcmnd4m67/app.bsky.feed.post/3mxftwocvqk2m","did:plc:65u37bfanwf3nhuxcmnd4m67","Developer Snail Bite has released a free demo for GRINDWORM, its upcoming psychological horror game, on Steam. The demo gives players an early look at the game's oppressive atmosphere and survival
https://www.yogomi.com/2026/10/grindworm-brings-psychological-horror-underground-with-a-new-steam-demo/","2026-10-09T01:43:18Z",0,0,0
"psychological horror","at://did:plc:qjyxvawu7c5x3osb3tffblf3/app.bsky.feed.post/3mxft5fln5c2q","did:plc:qjyxvawu7c5x3osb3tffblf3","Most of it is basically ""this artist who did fucked up psychological, gory horror that touches on sexual taboos, is into other artists who also depicts these kinda things, so that makes him a bad person, unlike me, a fan of Silent Hill""","2026-10-09T01:29:15.090Z",13,0,1
"psychological horror","at://did:plc:q7tfaralmlyxznz4jxlmwlc6/app.bsky.feed.post/3mxft563wak2l","did:plc:q7tfaralmlyxznz4jxlmwlc6","More like ""Backwalls"" 😏","2026-10-09T01:29:07.230Z",0,0,0
"psychological horror","at://did:plc:ypp4ilvfslbhnvxff74pu5sp/app.bsky.feed.post/3mxfsuvutqk23","did:plc:ypp4ilvfslbhnvxff74pu5sp","Day 8 #31DaysofHorror

Streaming: YouTube

Genre: Horror (DUH)
Sub genre: Psychological/Short Film

Country of Origin/Language: US/English

#NFOTD #FilmSky

This short by Dylan Clark is currently being adapted into a feature length film with Chase Infiniti as the lead.","2026-10-09T01:24:30.174Z",0,0,0
"psychological horror","at://did:plc:aoaiclael5xtxaf57xc4ziko/app.bsky.feed.post/3mxfrueeabbt3","did:plc:aoaiclael5xtxaf57xc4ziko","3 Breaths 5 Steps 7 Deaths
Psychological sci-fi horror in development

Demo made with @groktr.bsky.social 
Sound made with @suno

#horror #independentfilm #scifi ","2026-10-09T01:06:18.064Z",2,0,0
"psychological horror","at://did:plc:vpzd5e6slhebeusdazjow3y3/app.bsky.feed.post/3mxfqnoqeus2b","did:plc:vpzd5e6slhebeusdazjow3y3","Wasn't ""Sphere"" released about the same period too? Scifi and psychological horror, drawing from The Abyss in its setting and Arthur C. Clarkes' assertion that high enough technological advancement might seem indistinguishable from magic to less technologically advanced peoples'.","2026-10-09T00:44:40.321Z",1,0,1
"psychological horror","at://did:plc:tlzlz3dbocprlw7tlb2civfj/app.bsky.feed.post/3mxfqij4zrk2g","did:plc:tlzlz3dbocprlw7tlb2civfj","Coqo's horror movie of the day: Cube (1997)
Psychological horror, gore
A group of strangers wake up in a strange lit up room with no memory as to how they got there. With no given reason for their abduction they attempt to escape a labyrinth of cubes, where they must survive traps and each other.","2026-10-09T00:41:46.676Z",27,1,9
"psychological horror","at://did:plc:65u37bfanwf3nhuxcmnd4m67/app.bsky.feed.post/3mxfpztyz3i2j","did:plc:65u37bfanwf3nhuxcmnd4m67","Silver Lining Interactive has signed a global publishing partnership with Studio Abattoir to bring The Pines, an upcoming psychological horror RPG, to players worldwide.
#HorrorGames #psych
https://www.yogomi.com/2026/10/the-pines-is-a-psychological-horror-rpg-coming-from-silver-lining-interactive/","2026-10-09T00:33:28Z",0,0,0
"psychological horror","at://did:plc:hrksjcgmuazmabfmicrexbgi/app.bsky.feed.post/3mxfpqzuxkc2k","did:plc:hrksjcgmuazmabfmicrexbgi","For me, I think Carrie joins the upper echelon of Mike Flanagan's October psychological horror series, along with Midnight Mass and The Haunting of Hill House. Like those, I'll be rewatching Carrie.","2026-10-09T00:28:38.917Z",0,0,0
"psychological horror","at://did:plc:loc6aznxtsyp3bxbrvdulhei/app.bsky.feed.post/3mxfoylyp4c2j","did:plc:loc6aznxtsyp3bxbrvdulhei","NW: Be My Cat: A Film for Anne

#100HorrorMoviesln92Days
#filmsky
#horrorsky","2026-10-09T00:14:59.067Z",1,1,2
"psychological horror","at://did:plc:gawgsdvhikrsmkn2i3rc3sks/app.bsky.feed.post/3mxfo3mntfs2v","did:plc:gawgsdvhikrsmkn2i3rc3sks","I've have recently been into psychological horror","2026-10-08T23:58:46.684Z",1,0,0
"psychological horror","at://did:plc:7qkvtcfbhr3yhkds6s6t5d2h/app.bsky.feed.post/3mxfntaozu22z","did:plc:7qkvtcfbhr3yhkds6s6t5d2h","Me when I’m alone in my cold studio apartment playing a psychological horror game on a tight timeline for my indie game podcast and I just wanna be making dresses","2026-10-08T23:54:05.697Z",29,0,1
"psychological horror","at://did:plc:humd7f6csxdplc2ohl2whvdz/app.bsky.feed.post/3mxfnffjkac2a","did:plc:humd7f6csxdplc2ohl2whvdz","they stop doing that almost immediately after the first two and just turn them all into generic psychological horror stuff without any of the sauce that made it unique to begin with it's so fucking bad","2026-10-08T23:46:21.006Z",3,0,1
"psychological horror","at://did:plc:zuulbkhdhdzruhq3a3zb6ngj/app.bsky.feed.post/3mxfnboblv22b","did:plc:zuulbkhdhdzruhq3a3zb6ngj","Trainwatch | Announcement

A time-management psychological horror set in a fogbound railway crossing.

Coming to Xbox Series X|S, Xbox on PC, and Steam on March 10, 2027","2026-10-08T23:44:15.965Z",0,0,0
"psychological horror","at://did:plc:d5xb2dcm3wwf22pzm36yn6uo/app.bsky.feed.post/3mxfkii2r222v","did:plc:d5xb2dcm3wwf22pzm36yn6uo","No one fears Hegseth and they certainly don't fear you.

The ""horror"" factor will not coerce me into the believing in the infallibility and ultimate ""power of the State"".

All this execution will accomplish will be to degrade us and wreck psychological damage upon the public.

""Hand wringing"" my ass","2026-10-08T22:54:23.083Z",0,0,1
"psychological horror","at://did:plc:a24hsxnr7vx3yln7fgaictic/app.bsky.feed.post/3mxfhrsta322c","did:plc:a24hsxnr7vx3yln7fgaictic","if i ever published the first 2 and ppl liked them it’d be funny disappointing ppl with the 3rd cuz it ends up being a corny generic rpg plot as compared to the crazy psychological horror and betrayal shit of the others","2026-10-08T22:05:55.157Z",0,0,0
"psychological horror","at://did:plc:kjjvjk3hk4gske4lajyeufqu/app.bsky.feed.post/3mxfhl7tifs2t","did:plc:kjjvjk3hk4gske4lajyeufqu","Only a handful of oomfs understand what it was like in the trenches of AveMu and Mirai Days airing in the same season. True psychological horror","2026-10-08T22:02:13.916Z",10,1,2
"psychological horror","at://did:plc:ypp3wvi5didagfs4pjtzwz6h/app.bsky.feed.post/3mxfhkfavns2z","did:plc:ypp3wvi5didagfs4pjtzwz6h","I'm writing this story based on my #VtM chronicle
And I think it's the first time I've managed to nail the intersection between horror and erotica and achieve nonstop psychological nightmare fuel where the nsfw actually enhances the horror rather than distracting from it
No I won't share it publicly","2026-10-08T22:01:46.044Z",6,0,1
"psychological horror","at://did:plc:3cu7xs2tmy7utuxnce7czhg7/app.bsky.feed.post/3mxfgwa62ek2l","did:plc:3cu7xs2tmy7utuxnce7czhg7","I'm supposed to be working on Azure Heights stuff, yet what do I do instead? Start work on a psychological horror game on Scratch.","2026-10-08T21:50:29.612Z",1,0,0
"psychological horror","at://did:plc:xafx2ni5cw6h5vzfdnb7nhyb/app.bsky.feed.post/3mxfgb7g5s22x","did:plc:xafx2ni5cw6h5vzfdnb7nhyb","My Spooky Season 2026 Marathon:
34. Antichrist (2009). Psychological horror/Fantasy.*
Writer/Director: Lars von Trier. 
Starring: Charlotte Gainsbourg, Willem Dafoe. 
Rating: 5/5 Stars. 
#horror #LarsvonTrier #masterpiece #filmsky #moviesky 
*My Favorite Horror Film","2026-10-08T21:38:44.186Z",0,0,0
"psychological horror","at://did:plc:7comxlpctlx4hnwusrasqnxq/app.bsky.feed.post/3mxffbmyrt225","did:plc:7comxlpctlx4hnwusrasqnxq","I don't like gory horror. I find psychological or supernatural more interesting.","2026-10-08T21:21:04.692Z",0,0,0
"psychological horror","at://did:plc:abcabrrf34v3mi7by7ljgmn6/app.bsky.feed.post/3mxfefuazkk2i","did:plc:abcabrrf34v3mi7by7ljgmn6","If it does ever happen, Star Trek: Emergence would be an M rated Sci fi horror comic (Equivalent to TV MA) and the tone would range from drama to comedy. I wanna use psychological, physical and cosmic horror tropes. There will be blood, Cronenberg levels of body horror, and Lovecraftian elements!","2026-10-08T21:05:32.779Z",2,0,0
"psychological horror","at://did:plc:f6jharuhwg5szxe22rfijybf/app.bsky.feed.post/3mxfdbzp7dk2c","did:plc:f6jharuhwg5szxe22rfijybf","Prospice: Anomalous Logistics launches in 2027 for PS5, Xbox Series, and PC www.gematsu.com/2026/10/pros...","2026-10-08T20:45:30.526Z",8,0,0
"psychological horror","at://did:plc:uypytbqy5palhmhbvvezgrww/app.bsky.feed.post/3mxfbh4ofpk2i","did:plc:uypytbqy5palhmhbvvezgrww","lmao those first two tags side-by-side","2026-10-08T20:12:33.934Z",1,0,1
"psychological horror","at://did:plc:yxyyrdacvt3dxfyurgcrry2u/app.bsky.feed.post/3mxfbbolxsk2m","did:plc:yxyyrdacvt3dxfyurgcrry2u","Definitely one of the better Se7en-like psychological thrillers and horror movies that came out in the late 90s/early 2000s. www.youtube.com/watch?v=ZhH3...","2026-10-08T20:09:31.402Z",0,0,0
"psychological horror","at://did:plc:rxvc363zfnxuv233v4p7xm57/app.bsky.feed.post/3mxf7xpkhjs2j","did:plc:rxvc363zfnxuv233v4p7xm57","Inside 'complete horror' Russian jails where sadistic 'Dr Evil' and 'Aunt in Pink' torturers punish Ukrainian PoWs with electric shocks and beatings

www.dailymail.com/news/article...

#UkraineWar","2026-10-08T19:46:03.113Z",0,0,0
"psychological horror","at://did:plc:qhfrqqizkezklmpafitl2ife/app.bsky.feed.post/3mxf7jzk53223","did:plc:qhfrqqizkezklmpafitl2ife","If you are looking for Disturbed Mom horror content may I suggest the alternative ""FAMILY"" with Ruth Wilson? A moody psychological mindfuck worth your time, and I'm not (just) saying this because the child at the center of the film is played by my extremely talented child","2026-10-08T19:38:23.828Z",2,0,1
"psychological horror","at://did:plc:zyy7d53oee5kqizzf4i37nnk/app.bsky.feed.post/3mxf727yv722f","did:plc:zyy7d53oee5kqizzf4i37nnk","How scary is Die, My Love? This week, we dive into this bizarre psychological horror. Is it scary, confusing, or somehow both? We break down the plot, try to figure out what’s real, debate the ending, and give Die, My Love our 1–13 scary rating! #diemylove #moviereview #drama","2026-10-08T19:29:33.728Z",1,1,0
"psychological horror","at://did:plc:6mnfra5zgec7b2hj24f5dql7/app.bsky.feed.post/3mxf6vcvk722i","did:plc:6mnfra5zgec7b2hj24f5dql7","We've moved onto the surreal psychological horror adventure game THE DREAM OF A COCKSPUR! Come investigate something strange and unsettling with me!","2026-10-08T19:26:48.986Z",0,1,0
"psychological horror","at://did:plc:gc4lpaxtcbrwz6lcjvm3ua5c/app.bsky.feed.post/3mxf6dzaqp22d","did:plc:gc4lpaxtcbrwz6lcjvm3ua5c","and also I’m really sad for the brave and adventurous me in 2016 who tried so hard To fit and be a part of my discipline  - I think the worst part of the PhD is how your spark is stripped away + you feel so small and infantalized. The psychological horror of it all.","2026-10-08T19:17:08.452Z",0,0,1
"psychological horror","at://did:plc:wdzxdwsdmhsxvwbyugbp64tb/app.bsky.feed.post/3mxf64yjtd224","did:plc:wdzxdwsdmhsxvwbyugbp64tb","blasphemoustomes.com/2026/10/08/n...

A weird Japanese psychological horror. I'm still not sure what I make of this one. It's tense and moody, offering more questions than answers. I'm hesitant to recommend it, as I suspect most people will hate it, but I found it unsettling.","2026-10-08T19:13:12.820Z",6,3,1
"psychological horror","at://did:plc:u3vrjw2x6cirefropafy3gu5/app.bsky.feed.post/3mxf5tgrqis2a","did:plc:u3vrjw2x6cirefropafy3gu5","Good news, liminal space fans: Preorders are finally live for the 4K Blu-ray of Backrooms. www.ign.com/articles/bac...","2026-10-08T19:07:52.215Z",1,0,3
"psychological horror","at://did:plc:pmll4sfryba4q7qcau3hnzqz/app.bsky.feed.post/3mxf4gtj43k2t","did:plc:pmll4sfryba4q7qcau3hnzqz","www.pinnlandempire.com/2026/10/rose...","2026-10-08T18:42:55.613Z",9,1,0
"psychological horror","at://did:plc:h3qemj7ceawlhlpfq2a57veu/app.bsky.feed.post/3mxf3q5ahvd2t","did:plc:h3qemj7ceawlhlpfq2a57veu","6. The Houseguest and Other Stories by Amparo Dávila
A normal family’s dynamics and every day activities are interrupted when sinister guests and entities enters their home.

Themes: psychological horror, claustrophobia","2026-10-08T18:30:14.056Z",0,0,0
"psychological horror","at://did:plc:lcbm62s4d4ftp6w7lyvzvoyu/app.bsky.feed.post/3mxf3fjnkok2o","did:plc:lcbm62s4d4ftp6w7lyvzvoyu","Hi @bigtopindies.com! I saw your Visual Novel Vault and that you spotlight smaller indie projects, so I wanted to share mine. I just released the first demo for my psychological horror VN, BEYOND THE STARS IV. No pressure, but I’d love for it to be on your radar if it looks interesting.","2026-10-08T18:24:17.978Z",1,0,0
"psychological horror","at://did:plc:jh67asslpqt3m6wnmflmiq3i/app.bsky.feed.post/3mxf36vpais2l","did:plc:jh67asslpqt3m6wnmflmiq3i","this counts more as psychological horror, but theres a very good reason why I don't let Parcel remember who he was in his past lives, otherwise he will be living with the burden of guilt of having to know he is an immortal(?) being incapable of truly ever breaking free from the cycle of life","2026-10-08T18:20:35.433Z",6,0,1
"psychological horror","at://did:plc:apeml3laxyc2wv3ts2ijtt2p/app.bsky.feed.post/3mxf2znhm5222","did:plc:apeml3laxyc2wv3ts2ijtt2p","is it okay to say i mainly like psychological horror with it?
the fear of being trapped in your own body, your life in someone elses' hand as they make no plans to slow down force feeding you any time soon....
being stuffed so full you really, genuinely feel youre gonna burst","2026-10-08T18:17:39.324Z",17,0,2
"psychological horror","at://did:plc:vs6grg2ncbpplemzpfov2rkf/app.bsky.feed.post/3mxf2rnrrrk2u","did:plc:vs6grg2ncbpplemzpfov2rkf","It’s absolutely one of my favorites! Such an eerie, well shot psychological horror.

What did you think? Admittedly when I think about the things your into in a movie it doesn’t really fit the bill haha","2026-10-08T18:13:11.220Z",1,0,1
"psychological horror","at://did:plc:xkdy2smxlbjwyqc3s5djqkon/app.bsky.feed.post/3mxezhacpxs25","did:plc:xkdy2smxlbjwyqc3s5djqkon","WORK WORK WORK Prologue is out! 😁👍

In this psychological horror game with ARG elements in the puzzles, you have to find clues, gather information, and explore the Triquetra Company to discover the truth.

Play now on Steam!
store.steampowered.com/app/5100590/...","2026-10-08T17:49:27.807Z",15,7,0
"psychological horror","at://did:plc:yq56vd5i25idp6xwnwbkzc2d/app.bsky.feed.post/3mxezca73w22u","did:plc:yq56vd5i25idp6xwnwbkzc2d","Diaboical Blessings - all 5 glamour stone stories by Joshua Dagon - is available on Smashwords.

🤍 resisting corrupting forces
💪 justice for the helpless
☠️ dark psychological horror

#BookSky #DarkFantasy #SpookySeason

@smashwords.bsky.social 

www.smashwords.com/books/view/2...","2026-10-08T17:46:39.920Z",7,2,0
"psychological horror","at://did:plc:wjldefaxmyo5ext6my6qjesk/app.bsky.feed.post/3mxeyvowy5j22","did:plc:wjldefaxmyo5ext6my6qjesk","US Preorder: link.amazon/B0aCKubi9

#BluRay #Ad #PhysicalMedia #BluRays #BoutiqueBluRay #CultMovies #DiscConnected #Lionsgate #HalleBerry #AlexandreAja","2026-10-08T17:39:38.353Z",0,0,0
"psychological horror","at://did:plc:wjldefaxmyo5ext6my6qjesk/app.bsky.feed.post/3mxeyvo5vfy22","did:plc:wjldefaxmyo5ext6my6qjesk","***ANNOUNCEMENT***

Coming on November 10th on #4K in the US from @lionsgate.com: #NeverLetGo (2024)! 

From visionary director Alexandre Aja (CRAWL) and the creative minds behind Stranger Things comes this psychological horror-thriller. As an evil takes over the world beyond their front doorstep;","2026-10-08T17:39:38.350Z",1,0,1
"psychological horror","at://did:plc:xuhjjopnlcjxtebru3l2jodp/app.bsky.feed.post/3mxeyunlrqc27","did:plc:xuhjjopnlcjxtebru3l2jodp","JIAOHUN from 12AM BLACKOUT completely got under my skin. A cinematic first-person psychological horror set in a dying Chinese town on December 31st, 1999. The atmosphere in that trailer is suffocating in the best way. Coming 2027, straight to my wishlist.","2026-10-08T17:39:02.489Z",0,0,1
"psychological horror","at://did:plc:qix4uo2jj2uivqpmpiutjxmu/app.bsky.feed.post/3mxeyo7cijk2a","did:plc:qix4uo2jj2uivqpmpiutjxmu","You're blind. Your teddy bear is your eyes. That's Out of Sight, a psychological horror mixing first and second person views, free on Epic Games until Thursday. TerraScape, a cozy medieval city builder on floating islands, is free too. 

go.littlebigcampus.com/bepic57

#EpicGamesStore #Freegames","2026-10-08T17:35:27.895Z",1,1,0
"psychological horror","at://did:plc:lcbm62s4d4ftp6w7lyvzvoyu/app.bsky.feed.post/3mxeydiq2oc22","did:plc:lcbm62s4d4ftp6w7lyvzvoyu","My first VN demo is live!

BEYOND THE STARS IV: THAT WHICH REMAINS demo introduces the main cast before the psychological horror begins. It feels surreal that people can finally play it.
reunionvn.itch.io/beyond-the-s...

#VisualNovel #PsychologicalHorror #VNDev #RenPy #IndieDev #GameDev","2026-10-08T17:29:28.677Z",12,4,0
"psychological horror","at://did:plc:d7wdjc3fdl577fwbtuhfeiuk/app.bsky.feed.post/3mxexaaigbc2b","did:plc:d7wdjc3fdl577fwbtuhfeiuk","I was thrown through a loop researching the plot of Psycho 2 as I had totally forgotten about the fairly well-known horror director by that name","2026-10-08T17:09:45.616Z",1,0,1
"psychological horror","at://did:plc:5cqd2o643yi2yho3pem7pvea/app.bsky.feed.post/3mxex2222e22l","did:plc:5cqd2o643yi2yho3pem7pvea","Absolutely, I’m open to it. Psychological erotic horror sounds especially interesting, and I appreciate you checking first. I’d be happy to beta read it and give you honest feedback on the atmosphere, psychological tension, characters, pacing, and overall reader experience.","2026-10-08T17:06:17.543Z",1,0,0
"psychological horror","at://did:plc:uyck56mvqsxx5ip4rq66o4sw/app.bsky.feed.post/3mxewrbuhw22k","did:plc:uyck56mvqsxx5ip4rq66o4sw","“The Yellow Wallpaper” by Charlotte Perkins Gilman. 

This was my midterm project for one of my literature classes.

❤️/🔁/💬 are deeply appreciated.

#horror #artistonbsky #digitalart","2026-10-08T17:01:23.755Z",13,7,0
"psychological horror","at://did:plc:36qzrjf2oiutllktdazjzb6e/app.bsky.feed.post/3mxewitlr4s2a","did:plc:36qzrjf2oiutllktdazjzb6e","Love Eternal, 3-4 hour precision platform crossed with psychological horror. Some of the platforming is quite hard so it could be longer or shorter depending on how much you do or don’t get stuck.","2026-10-08T16:56:40.354Z",1,0,0
"psychological horror","at://did:plc:a564tr4carmvmz72gc2xog5i/app.bsky.feed.post/3mxevpe2vjc2n","did:plc:a564tr4carmvmz72gc2xog5i","🚦Wishlist #Trainwatch now: re.11bits.com/ad3","2026-10-08T16:42:25.218Z",2,0,0
"psychological horror","at://did:plc:k7yjda4hqc46g2qfkd76wzvx/app.bsky.feed.post/3mxeveedlls2b","did:plc:k7yjda4hqc46g2qfkd76wzvx","Release date revealed! Trainwatch, a psychological horror from Harvester Games (The Cat Lady, Lorelai), arrives March 10th, 2027. Sign up for future playtests now - see what's waiting in the fog. 
Watch the official Triple-i Initiative trailer: youtu.be/vCVkQiRytK4","2026-10-08T16:36:16.401Z",10,3,0
"psychological horror","at://did:plc:wv6y4sd2du3d6y7qs5wopogi/app.bsky.feed.post/3mxev6vxe7k2r","did:plc:wv6y4sd2du3d6y7qs5wopogi","Slashers, Supernatural or Psychological? What's your lane for Horror? Let me know in the comments!

Full Reviews & More on Linktr.ee/thescenesnobs","2026-10-08T16:33:13.547Z",0,0,0
"psychological horror","at://did:plc:7tlna2vyjiwjofe7njn5cmwt/app.bsky.feed.post/3mxeuzrlhpv2h","did:plc:7tlna2vyjiwjofe7njn5cmwt","⚡️The first gameplay trailer just dropped for VCR83, a psychological horror about a camera operator, and the demo is already on Steam.

#SteamAndEpic #Aftermath #Published","2026-10-08T16:30:21.089Z",0,0,0
"psychological horror","at://did:plc:ohneza5umi65amtqlzhbh2nm/app.bsky.feed.post/3mxeuck3f4sqf","did:plc:ohneza5umi65amtqlzhbh2nm","🔗 𝗣𝗟𝗔𝗬𝗧𝗜𝗠𝗘 𝗛𝗢𝗥𝗥𝗢𝗥 𝗦𝗛𝗢𝗪𝗖𝗔𝗦𝗘: store.steampowered.com/curator/4614...

🔗 𝗠𝗥. 𝗦𝗟𝗘𝗘𝗣𝗬 𝗠𝗔𝗡: store.steampowered.com/app/1657740/...

🔗 𝗦𝗢𝗟𝗔𝗖𝗘 𝗖𝗥𝗘𝗘𝗞: store.steampowered.com/app/3004130/...

Shoutout to Skull Queen Games for hosting + organizing this event! 🖤","2026-10-08T16:17:21.575Z",5,0,0
"psychological horror","at://did:plc:m2yuqynl2cttvi4k5453yegh/app.bsky.feed.post/3mxetvqirmsd2","did:plc:m2yuqynl2cttvi4k5453yegh","📰 **First-person psychological horror game JIAOHUN announced for PS5, PC**

12AM BLACKOUT has announced JIAOHUN, a first-person psychological horror game set in a small Chinese …

📰 Source: Gematsu
🔗 Link […]","2026-10-08T16:09:42.000Z",0,0,0
"psychological horror","at://did:plc:f6jharuhwg5szxe22rfijybf/app.bsky.feed.post/3mxetlsktlk2n","did:plc:f6jharuhwg5szxe22rfijybf","First-person psychological horror game JIAOHUN announced for PS5, PC www.gematsu.com/2026/10/firs...","2026-10-08T16:04:38.719Z",12,4,0
"psychological horror","at://did:plc:k7yjda4hqc46g2qfkd76wzvx/app.bsky.feed.post/3mxethl2zik2u","did:plc:k7yjda4hqc46g2qfkd76wzvx","Game Reveal! JIAOHUN is a cinematic first-person psychological horror game set in Y2K-era China. You return to Fairy Town and something is waiting in static. Coming 2027 to Steam and PlayStation 5. 
Watch the official Triple-i Initiative trailer: youtu.be/lUNGg3a-y1M","2026-10-08T16:02:16.640Z",9,0,0
"psychological horror","at://did:plc:3yhfcl6tsoovkg23tab7t7v3/app.bsky.feed.post/3mxerqz3rmc2x","did:plc:3yhfcl6tsoovkg23tab7t7v3","Just backed The Coldest Winter by our friend VibeXP on @kickstarter.com! 

It’s a really cool psychological horror set in an almost apocalyptic frozen NYC. Check it out ⬇️⬇️
www.kickstarter.com/projects/the...","2026-10-08T15:31:45.851Z",4,0,0
"psychological horror","at://did:plc:mlwe4vsh4d4ytge7ufptzc3m/app.bsky.feed.post/3mxerpqpabs2g","did:plc:mlwe4vsh4d4ytge7ufptzc3m","Martyrs (2008) A young woman's quest for revenge against the people who kidnapped and tormented her as a child leads her and a friend, who is also a victim of child abuse, on a terrifying journey into a living hell of depravity. #cults #splaterhorror #horror #horrormovies #horrorsky #horrorjunkie","2026-10-08T15:31:03.500Z",6,1,0
"psychological horror","at://did:plc:sjzgumotywgpuezmmbdghrd2/app.bsky.feed.post/3mxeroiw6nt2r","did:plc:sjzgumotywgpuezmmbdghrd2","❖ [TREND DEAL] Invokyr
───────────────
PRICE  | $9.74 (25% OFF,$12.99)
RATING | Positive
───────────────

▶ Store Page

#TrendingGame #Steam #Action #Adventure #Indie ","2026-10-08T15:30:19.515375+00:00",4,0,0
"psychological horror","at://did:plc:yteug3a3x7oubpyabk7b2h36/app.bsky.feed.post/3mxeqsev47k25","did:plc:yteug3a3x7oubpyabk7b2h36","Day 8: Sam Neill. Andrzej Żuławski’s 1981 masterpiece Possession captures raw emotional wreckage. Starring Sam Neill and Isabelle Adjani, this agonizing divorce thriller spirals into cosmic psychological horror. #Possession1981 #31DayHorrorChallenge @nofspodcast.bsky.social","2026-10-08T15:14:38.022Z",1,0,0
"psychological horror","at://did:plc:ga5hgnblcyycc4sfxcyfeq35/app.bsky.feed.post/3mxepaokt3k2r","did:plc:ga5hgnblcyycc4sfxcyfeq35","Forest Asylum 2

WARNING: AI was used for images, music, and VO.

https://store.steampowered.com/app/3727830

#aigames","2026-10-08T14:46:47.159560+00:00",1,0,0
"psychological horror","at://did:plc:b2ne5xgd5zrcq52kwfxck66w/app.bsky.feed.post/3mxenbyirxs2o","did:plc:b2ne5xgd5zrcq52kwfxck66w","Becrowned Brings Psychological Horror To PS5 In Q1 2027
www.psu.com/news/becrown...
#BECROWNED #PS5 #News","2026-10-08T14:11:46.946Z",0,0,0
"psychological horror","at://did:plc:q2bguwfbvwbiloie6q2aq3gp/app.bsky.feed.post/3mxemwojluc22","did:plc:q2bguwfbvwbiloie6q2aq3gp","8 October 1998:
Gothic psychological horror drama ‘Beloved’, directed by Jonathan Demme, premiered in New York City.

Rotten Tomatoes score: 72%
Letterboxd score: 3.3 (66%)

#FilmSky #HorrorSky #TodayAtTheMovies","2026-10-08T14:05:27.390Z",2,1,1
"psychological horror","at://did:plc:35rtwi7ccwt2zipcbmbflna2/app.bsky.feed.post/3mxekpci6js2s","did:plc:35rtwi7ccwt2zipcbmbflna2","BrokenLore: ASCEND Will Make Heights Even More Frightening In 2027

#Xbox #PlayStation 

www.thexboxhub.com/brokenlore-a...","2026-10-08T13:25:32.396Z",2,0,0
"psychological horror","at://did:plc:emgc24uep2sbkgl7eyxpohtv/app.bsky.feed.post/3mxehfhoxak2y","did:plc:emgc24uep2sbkgl7eyxpohtv","You came back! Pip counted the minutes. There were 412! She isn't mad. She just noticed. 🌱 hellopip.site · a free pocket pet with a psychological horror problem · 13+","2026-10-08T12:26:21.090Z",0,0,0
"psychological horror","at://did:plc:cfbbijf7lb7rgff3qng2pcmo/app.bsky.feed.post/3mxefxrpxlc2e","did:plc:cfbbijf7lb7rgff3qng2pcmo","I will be hitting the publish button on my bumper short story collection today💥
20 stories, long, short and in the middle of sci-fi, the paranormal and a helping of horror👽👻🔪
Think psychological with wit and whimsy plus a few swear words🧠
I'll post when ready to read.
#writingcommunity #amreading","2026-10-08T12:00:48.104Z",2,0,0
"psychological horror","at://did:plc:sjzgumotywgpuezmmbdghrd2/app.bsky.feed.post/3mxefgkllfq2n","did:plc:sjzgumotywgpuezmmbdghrd2","❖ [TREND DEAL] The Outlast Trials
───────────────
PRICE  | $3.99 (90% OFF,$39.99)
RATING | Overwhelmingly Positive
───────────────

▶ Store Page

#TrendingGame #Steam #Action #Adventure #Indie ","2026-10-08T11:51:09.209412+00:00",3,0,0
"psychological horror","at://did:plc:pn5v73qwnshhwqphkxriieaj/app.bsky.feed.post/3mxefgh6qvk2k","did:plc:pn5v73qwnshhwqphkxriieaj","My favorites are cosmic horror, psychological, supernatural, folk and body horror. Also, creature features!","2026-10-08T11:51:06.630Z",1,0,0
"psychological horror","at://did:plc:get4gpdytesf6angqu2tbpvd/app.bsky.feed.post/3mxed4stgnk2t","did:plc:get4gpdytesf6angqu2tbpvd","Still time to get 20% off the love of your life
store.steampowered.com/app/3010610/...","2026-10-08T11:09:55.814Z",6,2,0
"psychological horror","at://did:plc:oxtiv6l6pge63e4jxhm7ezue/app.bsky.feed.post/3mxeaqyydbc2i","did:plc:oxtiv6l6pge63e4jxhm7ezue","link here: www.kobo.com/gb/en/p/hell...","2026-10-08T10:27:32.124Z",0,1,0
"psychological horror","at://did:plc:qpkct6vrlldcorskukblipcj/app.bsky.feed.post/3mxe2jc37bk26","did:plc:qpkct6vrlldcorskukblipcj","*I’m rushed to the hospital due to a psychotic break.
I visited Remetheus and nothing prepared me for the psychological horror that is Remetheus’ house. Everywhere you look is clocks.*","2026-10-08T08:35:50.772Z",1,0,0
"psychological horror","at://did:plc:2uxro3ym5eas7vcftbotoalv/app.bsky.feed.post/3mxe26ksofc2o","did:plc:2uxro3ym5eas7vcftbotoalv","LMAO that’s such a dangerous combination horror with emotional devastation hits so much harder though do you usually focus more on the psychological side or the actual horror?","2026-10-08T08:29:50.833Z",0,0,0
"psychological horror","at://did:plc:2uxro3ym5eas7vcftbotoalv/app.bsky.feed.post/3mxe24do5r224","did:plc:2uxro3ym5eas7vcftbotoalv","I really love that mindset It can be so hard getting your work seen but loving what you create makes all the difference and going from rom coms to psychological horror is such a fun range which one has been the most challenging to write so far?","2026-10-08T08:28:36.236Z",1,0,1
"psychological horror","at://did:plc:35rtwi7ccwt2zipcbmbflna2/app.bsky.feed.post/3mxdystteok2s","did:plc:35rtwi7ccwt2zipcbmbflna2","BECROWNED Brings Its Surreal Horror To Consoles In 2027

#BECROWNED #Xbox #PlayStation #NSW 

www.thexboxhub.com/becrowned-br...","2026-10-08T08:05:23.898Z",0,0,0
"psychological horror","at://did:plc:qd24d5gtnquj6yxmklzopvb5/app.bsky.feed.post/3mxdyiroqpc2i","did:plc:qd24d5gtnquj6yxmklzopvb5","I am not a big horror fan, I find most really stupid and just out for the jump scares, but give me a proper head wrecker movie where it is a psychological thriller/horror and I love it.","2026-10-08T07:59:46.102Z",1,0,0
"psychological horror","at://did:plc:tk6fqinnufni2znluc633dll/app.bsky.feed.post/3mxdtchhloc2o","did:plc:tk6fqinnufni2znluc633dll","www.gamestic.nl/2026/10/08/s...

Expanding beyond PC to consoles, BECROWNED shifts its launch window to Q1 2027.

The psychological survival horror follows Richard Torrance through a surreal dimension as his obsession with happiness spirals into madness.

#BECROWNED #indiegame #gamestic","2026-10-08T06:26:45.350Z",2,3,0
"psychological horror","at://did:plc:2ql3nngqsgamj656ye2mwy67/app.bsky.feed.post/3mxdsl356jc2r","did:plc:2ql3nngqsgamj656ye2mwy67","Verity has no business being two hours long, and fails as a psychological horror movie. If this were at most 80 minutes, the movie might have been more watchable. The only watchable aspect to the movie is with the very attractive trio of Anne Hathaway, Dakota Johnson, and Josh Hartnett. (1/3)","2026-10-08T06:13:40.673Z",0,0,1
"psychological horror","at://did:plc:ihgka4y2waez75mfs7yc6fzg/app.bsky.feed.post/3mxds7yg26s2t","did:plc:ihgka4y2waez75mfs7yc6fzg","wearing my “i <3 this specific brand of psychological horror” shirt","2026-10-08T06:07:28.694Z",7,0,0
"psychological horror","at://did:plc:kxzmx6pxcq3kblk53bmp6w5q/app.bsky.feed.post/3mxdn5cgu7s24","did:plc:kxzmx6pxcq3kblk53bmp6w5q","Honestly, getting your work out there for people to read feels impossible most days, but I won’t stop trying because I love what I write. From comical rom-coms to the psychological horror, I love every one of them and the story I created within.
#AuthorLife #TBR #Booksky","2026-10-08T04:36:29.857Z",7,0,1
"psychological horror","at://did:plc:qllmbeo2rvnpijthmtyalmdk/app.bsky.feed.post/3mxdmngbkvc2l","did:plc:qllmbeo2rvnpijthmtyalmdk","One More Flight

Side-scrolling psychological horror on a plane headed for disaster. Each crash, you keep what you learned. Memory is the weapon. Break the loop. Coming to Steam.

Track it here
www.cooltrailertracker.com/trailers/ser...","2026-10-08T04:27:37.010Z",0,0,0
"supernatural horror","at://did:plc:wvbp343q32rx4o67rp5bbrxb/app.bsky.feed.post/3mxgj7ue4c22k","did:plc:wvbp343q32rx4o67rp5bbrxb","Flitting between reading romance and supernatural horror tonight.","2026-10-09T08:04:20.001Z",0,0,0
"supernatural horror","at://did:plc:zwafktlb4yw3uzka75q5ewxt/app.bsky.feed.post/3mxgj7o5cxk2s","did:plc:zwafktlb4yw3uzka75q5ewxt","SPN Horror Binge Promo: The Thing in the Closet
Author: @amypond45.bsky.social 

#spn #spneldritchbang #horror #fanart #fanfic #halloween
#AllHallows’EveBinge2026","2026-10-09T08:04:13.485Z",1,1,0
"supernatural horror","at://did:plc:pgyx3pmthtg5t7y4bewtoj6f/app.bsky.feed.post/3mxg33zymw226","did:plc:pgyx3pmthtg5t7y4bewtoj6f","#11, Undertone
Does some interesting things focusing alot on audio
Decent little horror film. Honestly think it'd been more interesting to keep the more skeptical route rather than going full supernatural, but it still worked.
Give it a listen if you can.","2026-10-09T03:51:39.309Z",0,0,0
"supernatural horror","at://did:plc:b6ilspj3dxk4meyius3hao3p/app.bsky.feed.post/3mxfzrav55c2f","did:plc:b6ilspj3dxk4meyius3hao3p","Just got back from Other Mommy. Fun movie. Well shot. Basic supernatural horror romp. The trailer does not spoil anything outside of the first 15 minutes. 
Is it the next Hereditary? Nope. More like a jump-scare date night movie.","2026-10-09T03:27:43.698Z",0,0,0
"supernatural horror","at://did:plc:dntkcalfiuhxejg2juvqxsrq/app.bsky.feed.post/3mxfyv2vejc2r","did:plc:dntkcalfiuhxejg2juvqxsrq","The Haunting of Hill House is an unhinged show that's making me feel lots of things, alternating between realistic slice-of-life drama and supernatural horror, the latest episode that @thestickman.bsky.social and I watched especially making me want to binge more as soon as possible, but I'll wait.","2026-10-09T03:11:57.888Z",0,0,1
"supernatural horror","at://did:plc:wzqmrcatzudfn3mo6eojod6f/app.bsky.feed.post/3mxfyamycxc2r","did:plc:wzqmrcatzudfn3mo6eojod6f","It wasn't originally from a horror film, but this earworm of a song has been stuck in my head off and on since I heard it in the supernatural horror movie The Power (2021).
youtu.be/TLIQzzwHobw?...","2026-10-09T03:00:32.217Z",1,0,1
"supernatural horror","at://did:plc:hqpcdw466hgky3vr3mp54nz7/app.bsky.feed.post/3mxfx7gnhyk2u","did:plc:hqpcdw466hgky3vr3mp54nz7","It has some elements of scifi/supernatural/horror genres I fw HEAVY

Also, made me wanna play Abiotic Factor. I know there's a backrooms game, but it made me wanna play Abiotic Factor specifically lol","2026-10-09T02:41:58.274Z",1,0,0
"supernatural horror","at://did:plc:e5ui7dzjh5hspj26s5zys4bq/app.bsky.feed.post/3mxfwidgsrk2f","did:plc:e5ui7dzjh5hspj26s5zys4bq","Unfortunately OTHER MOMMY is nowhere near as good as its trailer. Chastain innocent, tho!","2026-10-09T02:29:03.157Z",22,0,1
"supernatural horror","at://did:plc:2zkdxhroevcwzis4divabzcz/app.bsky.feed.post/3mxfuulqysk2p","did:plc:2zkdxhroevcwzis4divabzcz","Rob Savage serves up scares in ‘Other Mommy,’ but the movie shows its cards too early and never builds enough mythology to sustain its premise. I gave it a 2.5/5. Read the full review and breakdown: wix.to/70KF0Lo

#OtherMommy #MovieReview #Horror #RobSavage","2026-10-09T02:00:07.050Z",1,0,0
"supernatural horror","at://did:plc:bjvdunkmu6gvpxhmkh67qdry/app.bsky.feed.post/3mxfqlttpck2r","did:plc:bjvdunkmu6gvpxhmkh67qdry","If the movie gets a bad review I guess the next best thing is ""she did the best she could"" lol 
www.hollywoodreporter.com/movies/movie...","2026-10-09T00:43:38.566Z",3,0,0
"supernatural horror","at://did:plc:upne6wvlygjgdrpue7s2lirm/app.bsky.feed.post/3mxfpg5pqyk2q","did:plc:upne6wvlygjgdrpue7s2lirm","I'm not a ""horror"" guy in that I have negative interest in supernatural or gore/slasher stuff, but creature features... yeah. That'll work.

youtu.be/gH3fL9cMvuM?...","2026-10-09T00:22:33.858Z",8,0,6
"supernatural horror","at://did:plc:bjgso3nzkp2rqxso4xfwdofl/app.bsky.feed.post/3mxfox3wlf22r","did:plc:bjgso3nzkp2rqxso4xfwdofl","Nathan Fielder is gonna make a top ten all time horror movie without any monsters or supernatural shit or violence, just being in uncomfortable proximity to the 21st century’s craziest conman/woman","2026-10-09T00:14:08.669Z",4,1,1
"supernatural horror","at://did:plc:5zk7yctt76xcm2a6fqalt23w/app.bsky.feed.post/3mxfn36vr7c2i","did:plc:5zk7yctt76xcm2a6fqalt23w","It's always fun when watching supernatural horror movies where the end of the movie features survivors of crazy paranormal events to imagine how their interviews with authorities must have gone the following day.","2026-10-08T23:40:38.522Z",3,0,0
"supernatural horror","at://did:plc:7utw3g5exh2zbewadcsmzw2h/app.bsky.feed.post/3mxfkv7pgq22l","did:plc:7utw3g5exh2zbewadcsmzw2h","i guess it's a supernatural thriller not horror but whatever there's gore. there's a monster. what's the difference","2026-10-08T23:01:30.553Z",3,0,0
"supernatural horror","at://did:plc:szlahpjb2ctuqsn3tmm4si4h/app.bsky.feed.post/3mxfikirr5s25","did:plc:szlahpjb2ctuqsn3tmm4si4h","Flanagan generally has a very hopecore approach to horror that I usually find endearing but in this case it made it way less Horror and more teen drama/supernatural","2026-10-08T22:19:43.484Z",41,0,0
"supernatural horror","at://did:plc:3xqbifsrgefxe74fqx6mqw4d/app.bsky.feed.post/3mxfhthaxl22c","did:plc:3xqbifsrgefxe74fqx6mqw4d","31 Days Of Halloween!

8. God Told Me To (1976)

Disturbing supernatural horror thriller from Larry Cohen (It’s Alive). Be warned - this one’s messed up.","2026-10-08T22:06:50.131Z",3,0,0
"supernatural horror","at://did:plc:o3biaqsxadq2qg4ehp24vwvd/app.bsky.feed.post/3mxfdjxxcsk2v","did:plc:o3biaqsxadq2qg4ehp24vwvd","Leviticus - Another win for Aussie horror. Great little LGBTQ+ supernatural horror with something to say.","2026-10-08T20:49:57.130Z",2,0,0
"supernatural horror","at://did:plc:wpmu3kbz5iyysln3ort2as2e/app.bsky.feed.post/3mxfbgvfhmc2r","did:plc:wpmu3kbz5iyysln3ort2as2e","""Sleepless Nights of Terror"" is a mind-bending collection of dark short stories that takes readers on a chilling journey into the depths of fear and the human psyche. This anthology weaves together tales of horror, suspense, and the supernatural.
www.amazon.com/dp/B0CB912LP...","2026-10-08T20:12:26.302Z",0,0,0
"supernatural horror","at://did:plc:vwbsrs4krukpqqj3vjydd7p5/app.bsky.feed.post/3mxf3yvzdjc2x","did:plc:vwbsrs4krukpqqj3vjydd7p5","#NowWatching 
#FirstWatch 
Presence. 2024.
Supernatural horror directed by Steven Soderbergh starring Lucy Liu.
A family moves into a new home that may not be empty.

Fantastic.
Excellent film.
Can't say anymore.
#FilmSky","2026-10-08T18:35:08.475Z",2,0,1
"supernatural horror","at://did:plc:dgpi4iy4acfydneg3zma5up3/app.bsky.feed.post/3mxf2vu7i3b2x","did:plc:dgpi4iy4acfydneg3zma5up3","Supernatural horror feature Natural Disaster begins casting for a November 2026 shoot across Oakville and Toronto, Ontario, with writer-director Daniel Losco attached.","2026-10-08T18:15:32.130Z",0,0,0
"supernatural horror","at://did:plc:bky4nirlnpi5oqxr5el7dehy/app.bsky.feed.post/3mxf2oj45y22e","did:plc:bky4nirlnpi5oqxr5el7dehy","Now, the 1989 film version with Robert Englund? That one goes full supernatural horror in places. It may not be a masterpiece, but it deserves its cult classic status.","2026-10-08T18:11:25.649Z",1,0,1
"supernatural horror","at://did:plc:427pura2mejgb26pvj4mwqpc/app.bsky.feed.post/3mxf23jsx2r2o","did:plc:427pura2mejgb26pvj4mwqpc","Turkish horror barely gets discussed and that needs to change. D@bbe 3: Demon Possession goes places most found-footage films are too timid to go, grounding its supernatural dread in Islamic theology in a way that feels genuinely unsettling rather than decorative","2026-10-08T18:00:48.777737Z",0,0,0
"supernatural horror","at://did:plc:ph4rhmj3ie2ax54mnvpi2k4a/app.bsky.feed.post/3mxewmjonwk2y","did:plc:ph4rhmj3ie2ax54mnvpi2k4a","""Backrooms"" (2026) 4K Ultra HD Blu-ray from A24

Get it: link.amazon/B0hNTwp6P

An angry architect, chases the source of impossible power failures when a glowing gap opens in his basement

#4K #4KUHD #4KBluray #bluray #PhysicalMedia #ad #moviesky #filmsky #horror #thriller #supernatural #scifi","2026-10-08T16:58:44.186Z",2,0,0
"supernatural horror","at://did:plc:bv3kaufiuip7g2abewurduwp/app.bsky.feed.post/3mxewc4kxlc22","did:plc:bv3kaufiuip7g2abewurduwp","Classic horror/supernatural/ghost stories. I’m already on my fifth of the season.","2026-10-08T16:52:54.890Z",2,0,2
"supernatural horror","at://did:plc:ph4rhmj3ie2ax54mnvpi2k4a/app.bsky.feed.post/3mxevyspvgs2y","did:plc:ph4rhmj3ie2ax54mnvpi2k4a","#NowWatching ""Beyond the Door"" (1974) on Apple iTunes

Blu-ray: link.amazon/B08lvQOl9

Starring Juliet Mills

A pregnant woman starts exhibiting erratic behavior & talking in a demonic voice. An old friend from the past claims he knows why.

#moviesky #filmsky #horror #SpookySeason #supernatural","2026-10-08T16:47:42.575Z",4,0,1
"supernatural horror","at://did:plc:kkhqegyerwjvnjpiakhszihs/app.bsky.feed.post/3mxeulvoj7k2m","did:plc:kkhqegyerwjvnjpiakhszihs","Book at a glance: Desperation by Stephen King is a horror thriller set in a remote Nevada town where a malevolent force possesses a monstrous cop, trapping travelers in a fight for survival.

Genre: Fantasy, Fiction, Horror, Mystery, Paranormal, Supernatural, Suspense, Thriller","2026-10-08T16:22:34.735Z",0,0,0
"supernatural horror","at://did:plc:2zkdxhroevcwzis4divabzcz/app.bsky.feed.post/3mxett5vqts2j","did:plc:2zkdxhroevcwzis4divabzcz","Shudder has acquired Ryan Glover’s 16mm supernatural horror Split Rock, which will premiere at Sitges and screen at Brooklyn Horror ahead of its Dec. 25 Shudder debut.  wix.to/OR99QLb #HorrorNews #SplitRock #Shudder #SitgesFestival","2026-10-08T16:08:45.491Z",0,0,0
"supernatural horror","at://did:plc:chi7sv53ilvgddvvc4ywwktc/app.bsky.feed.post/3mxetgvcy2k23","did:plc:chi7sv53ilvgddvvc4ywwktc","*I like listening to old ghost stories because they are not nearly as scary as modern horror.  Especially when its about scientists who refuse to change anything about their own behavior in the face of the supernatural.  Those guys crack me up.","2026-10-08T16:01:53.835Z",0,0,0
"supernatural horror","at://did:plc:7d75ge2yk2p3z7cvelq7mfdh/app.bsky.feed.post/3mxetb3773s23","did:plc:7d75ge2yk2p3z7cvelq7mfdh","Never After Dark delivers on its earliest promise of a stylish supernatural thriller, but isn’t afraid to get nasty here and there. The combination gives the horror a little substance and the style a nice punch. In theaters.","2026-10-08T15:58:38.674Z",1,0,0
"supernatural horror","at://did:plc:anxr3b4nc4f2k7mkjn3k7dr2/app.bsky.feed.post/3mxesandmlk2d","did:plc:anxr3b4nc4f2k7mkjn3k7dr2","#physicalmedia #physicalmediacollection #physicalmediaforever #Movies #TV #SpookySeason #MovieFan #Thriller #Comedy #Collection #Collecting #Film #Cinema #MovieFan #Spooky #Scary #Supernatural #Mystery #HorrorCollector #HorrorFan #Horror #HorrorCommunity #Fantasy #Ghosts #80s #Ghostbusters #StarTrek","2026-10-08T15:40:30.397Z",1,0,0
"supernatural horror","at://did:plc:6sucpztsknilwemcxdtbzvki/app.bsky.feed.post/3mxes5ojwhk27","did:plc:6sucpztsknilwemcxdtbzvki","8. To start the second week, we're scurryin' over to Japan for Tama, the vengeful cat-turned-yokai and arguably the main focus of the cool and forlorn 1958 supernatural horror ""Black Cat Mansion""!🐈‍⬛
.
#painting #illustration #moviemonster #horrorart #yokai","2026-10-08T15:38:50.982Z",6,0,0
"supernatural horror","at://did:plc:wbrnpfl7uqepxav4cuvvqzto/app.bsky.feed.post/3mxerwfo3i42j","did:plc:wbrnpfl7uqepxav4cuvvqzto","This also dovetails into another subject I have strong opinions on, which is ""horror is generally more effective if the elements that AREN'T supernatural are more realistic""

When normal stuff is also portrayed unrealistically, the explicit divergence from reality simply doesn't stand out as much","2026-10-08T15:34:46.809Z",43,1,2
"supernatural horror","at://did:plc:nfjffyiuhjmbni7joain3urn/app.bsky.feed.post/3mxeri73df22m","did:plc:nfjffyiuhjmbni7joain3urn","This guide explores notable Black characters across survival horror, narrative horror, zombie action, and supernatural adventures. It is a broad starting point rather than an exhaustive inventory of every release. Major story twists and character deaths are kept out of the discussion.","2026-10-08T15:26:50.140Z",7,3,0
"supernatural horror","at://did:plc:c2d3ky3ywbi6qtwkdpvenqfx/app.bsky.feed.post/3mxeqkyigus2p","did:plc:c2d3ky3ywbi6qtwkdpvenqfx","Dead Man’s Trigger is a dark, action-packed urban fantasy vampire thriller filled with violence,  supernatural horror, and sarcastic humor with a wisecracking hero who refuses to quit – even when the rules of being human no longer apply. 
link.amazon/B00bjY3nh
#UrbanFantasy","2026-10-08T15:10:30.152Z",0,0,0
"supernatural horror","at://did:plc:bxyrx3gczu2brhp7q5y7gtio/app.bsky.feed.post/3mxep7leqrk25","did:plc:bxyrx3gczu2brhp7q5y7gtio","They're on to me. They've discovered that I am the most boring man alive.","2026-10-08T14:46:13.555Z",23,1,5
"supernatural horror","at://did:plc:6v3itqjwcev4fwtba7ld2t7a/app.bsky.feed.post/3mxenae2tn22n","did:plc:6v3itqjwcev4fwtba7ld2t7a","NEW YORK COMIC CON, WE ARE HERE!

The PANICO booth is ready for NYCC 2026!

Stop by and check out our latest books, including MONSTER OR MASTER, GUNBREED, ANGEL OF EGYPT, and our brand-new MIKAELA preview, along with  more horror, sci-fi, and supernatural stories!

If you're attending come say hi!","2026-10-08T14:10:51.959Z",0,0,0
"supernatural horror","at://did:plc:qixk7ztksuo5nhov5pdctybz/app.bsky.feed.post/3mxelw3zamc2r","did:plc:qixk7ztksuo5nhov5pdctybz","Coming to YouTube on Saturday, October 10th: Vlog #23 where I review SHOCK directed by the great MARIO BAVA! 5 Saturdays in October = 5 Weeks of Halloween = 5 Vlogs! All supernatural horror on Blu-ray! This one from Arrow Video! 
  
youtube.com/@DecaffeinatedHorror","2026-10-08T13:47:14.234Z",16,3,1
"supernatural horror","at://did:plc:5rvuhwzkodw5c7nqfukybmps/app.bsky.feed.post/3mxel53n7nk2u","did:plc:5rvuhwzkodw5c7nqfukybmps","#HollywoodCiak 2500 #Leviticus #AdrianChiarella #JoeBird #StacyClausen #JeremyBlewitt #EwenLeslie #DavidaMcKenzie #MiaWasikowska #gay #horror #Australia #comingofage #conversiontherapy #entity #love #outing #religion #ritual #supernatural #exorcism #teenage
hollywoodciak.blogspot.com/2026/09/film...","2026-10-08T13:33:14.982Z",2,0,0
"supernatural horror","at://did:plc:p7n6rliiz6oj2ohqagjtz356/app.bsky.feed.post/3mxejquqwtc2z","did:plc:p7n6rliiz6oj2ohqagjtz356","#Booksky Spooktacular 2026 Day 8: Peter Straub was one of the great masters of marrying lovely prose and deep characterization with unnerving horror. Lost Boy, Lost Girl may be less remembered, but it’s a showcase of these talents, blending mundane suburban fears with the supernatural. Engrossing.","2026-10-08T13:08:31.367Z",5,0,0
"supernatural horror","at://did:plc:sencbhrhgwkv724lyudgr3t3/app.bsky.feed.post/3mxehqbkje22o","did:plc:sencbhrhgwkv724lyudgr3t3","Looking for a compelling new entry in supernatural J-horror?

Check out our review of Never After Dark (2026), directed by Dave Boyle. Starring Moeka Hoshi as a traveling psychic who confronts a dark entity at an isolated hotel in the woods,","2026-10-08T12:32:23.750Z",0,0,1
"supernatural horror","at://did:plc:l72a4umglil2l2qktyohovgu/app.bsky.feed.post/3mxegn6snx227","did:plc:l72a4umglil2l2qktyohovgu","CWs: Misophonia: Wet, body horror, Suicidal ideation, danger to loved one, monster violence, Natural disaster, storms, supernatural disaster, eldritch horror, gore, gunshot SFX

Patrons

Z00mane, Phoenix, Queer&Fearful

Cast & Crew

Written, directed, edited and produced by Daisy McNamara.","2026-10-08T12:12:46.264Z",0,0,1
"supernatural horror","at://did:plc:bqswdn7rihq6mgivguoiuior/app.bsky.feed.post/3mxeg5monuk2u","did:plc:bqswdn7rihq6mgivguoiuior","Brings me no joy to say that I absolutely hated Hellraiser: Revival. A poor imitation of Resident Evil Village with very little original to offer outside of some cool supernatural powers. One for diehard fans only, me thinks. Oofh.

Here's my review: www.mirror.co.uk/gaming/hellr...","2026-10-08T12:04:04.147Z",1,0,2
"supernatural horror","at://did:plc:kz3xdvmoztnqr2f36oxtjr7g/app.bsky.feed.post/3mxef3zuia52v","did:plc:kz3xdvmoztnqr2f36oxtjr7g","Book Launch | ‘A Compendium of Supernatural Entities Found in the Government Girls Higher Secondary School’ by Kuzhali Manickavel

Literary event
🗓️ Sun, 11 Oct · 6:00 PM – 8:00 PM
📍 Champaca Bookstore, 7/1 Edward Road, Off Queens Road
🎟️ Free
🏠 By Champaca Bookstore","2026-10-08T11:45:07.385Z",2,4,0
"supernatural horror","at://did:plc:6gxbjueozr5adpvd5ki4lr64/app.bsky.feed.post/3mxee3wrbmc2a","did:plc:6gxbjueozr5adpvd5ki4lr64","Dread Sets Release Dates for Heavy Metal Monster Mash Devour. Read all about it and watch the trailer in The Cult Archives.
#horror #horrormovies #horrorfilm #horrorfan #heavymetal","2026-10-08T11:27:20.121Z",1,0,0
"supernatural horror","at://did:plc:hs7dvvl5mwt5bnh57sofkf5a/app.bsky.feed.post/3mxedjcxm2c2y","did:plc:hs7dvvl5mwt5bnh57sofkf5a","#GnomonTV","2026-10-08T11:16:55.381Z",4,0,2
"supernatural horror","at://did:plc:nesbohibqamc3bdlowcrpdsl/app.bsky.feed.post/3mxeac4zaqc2k","did:plc:nesbohibqamc3bdlowcrpdsl","Humanists don't believe in ghosts, but myth-busting 'paranormal' activity is something @newhumanist.bsky.social writers have been doing for over 140 years. Here's a quick look at the human fascination with all thing spooky, and the the evolution of horror. 

humanists.uk/2026/10/07/a...","2026-10-08T10:19:13.036Z",14,5,2
"supernatural horror","at://did:plc:5rvuhwzkodw5c7nqfukybmps/app.bsky.feed.post/3mxea4tiiws2p","did:plc:5rvuhwzkodw5c7nqfukybmps","#HollywoodCiak 2490 #GhostShip #JuliannaMargulies #RonEldard #DesmondHarrington #IsaiahWashington #KarlUrban #EmilyBrowning #FrancescaRettondini #GabrielByrne #horror #supernatural #gold #ship #violence #death #Hell #soul #afterlife #treasure #Italy #ghost
hollywoodciak.blogspot.com/2026/08/film...","2026-10-08T10:16:15.279Z",0,0,0
"supernatural horror","at://did:plc:5rvuhwzkodw5c7nqfukybmps/app.bsky.feed.post/3mxe7rx7wxk2b","did:plc:5rvuhwzkodw5c7nqfukybmps","#HollywoodCiak 2481 #Hokum #DamianMcCarthy #AdamScott #PeterCoonan #DavidWilmot #FlorenceOrdesh #MichaelPatric #WillOConnell #BrendanConroy #horror #witch #supernatural #hotel #Ireland #folklore #grief #pregnant #dumbwaiter #murder #pregnancy #affair #suite
hollywoodciak.blogspot.com/2026/07/film...","2026-10-08T10:10:10.094Z",2,0,0
"supernatural horror","at://did:plc:bzmjjpq47uldriftym4acqeb/app.bsky.feed.post/3mxe7345lt22p","did:plc:bzmjjpq47uldriftym4acqeb","Faith Bennett is expecting her first child, only to discover others have been expecting her for hundreds of years! They’ve got plans for this child! Only one Supreme White Witch can save the child. amzn.to/1sKfV70
#Horror #Occult #Supernatural #witchcraft #ItalianAmerican #curses #BookSky","2026-10-08T09:57:23.508Z",26,16,0
"supernatural horror","at://did:plc:kkhqegyerwjvnjpiakhszihs/app.bsky.feed.post/3mxdtjfwcis2n","did:plc:kkhqegyerwjvnjpiakhszihs","Book at a glance: Revival by Stephen King is a chilling tale about a preacher obsessed with electricity and the afterlife, leading to terrifying experiments with unknown cosmic forces.

Genre: Fantasy, Fiction, Horror, Mystery, Paranormal, Science Fiction, Supernatural, Suspense, Thriller","2026-10-08T06:30:37.702Z",0,0,0
"supernatural horror","at://did:plc:jitc2o6u5euaplcor4laqcu5/app.bsky.feed.post/3mxdlfhnigs2i","did:plc:jitc2o6u5euaplcor4laqcu5","#Halloween #HorrorMovieMarathon Night 7 w/ 
@jjjennnnn.com

THE BLACK PHONE  2 (2025) - 🦇🦇🦇

Four years later the Grabber is back with a Freddy upgrade. But, Finn is now an angry 17 y/o kid and his sister Gwen's abilities are stronger. A good old camp slasher with some fun supernatural business.","2026-10-08T04:05:16.270Z",3,1,1
"supernatural horror","at://did:plc:ky5uddyx234s2zmvmqlqchw6/app.bsky.feed.post/3mxdjlle5ek2a","did:plc:ky5uddyx234s2zmvmqlqchw6","""…Carole Lombard, seen here in a promotional photo for the 1933 pre-Code horror film SUPERNATURAL.""  

(Caption/photo credit: Silent and Pre-Code Horror, FB)","2026-10-08T03:32:53.987Z",0,0,0
"supernatural horror","at://did:plc:xafx2ni5cw6h5vzfdnb7nhyb/app.bsky.feed.post/3mxdjfvitls2j","did:plc:xafx2ni5cw6h5vzfdnb7nhyb","My Spooky Season 2026 Marathon:
33. Carrie, Season One (2026). Supernatural horror. 
Creator: Mike Flanagan. 
Starring: Summer Howell, Samantha Sloyan, Matthew Lillard.
Rating: 5/5 Stars. 
#Carrie #MikeFlanagan #StephenKing #series","2026-10-08T03:29:43.310Z",2,0,1
"supernatural horror","at://did:plc:3aob6je7awj2xfmlbqrvcom6/app.bsky.feed.post/3mxdhb2gywk25","did:plc:3aob6je7awj2xfmlbqrvcom6","October Horror 2026, Day 7: Cam (2018, dir Daniel Goldhaber).","2026-10-08T02:51:13.231Z",0,0,0
"supernatural horror","at://did:plc:wfrox74ixrd7csmkwlaluy4z/app.bsky.feed.post/3mxddjdbevs2i","did:plc:wfrox74ixrd7csmkwlaluy4z","Day 7 of the 31 Days of Horror. This wasn't so much a horror movie, but it still worked. It's basically a found footage version of the Jonestown Massacre. I expected something like a supernatural cult but nope, regular easily manipulated people. #filmsky #horror letterboxd.com/film/the-sac...","2026-10-08T01:44:15.963Z",0,0,0
"supernatural horror","at://did:plc:iocowvw2rzewtywel4clnslh/app.bsky.feed.post/3mxdc33ozvk2x","did:plc:iocowvw2rzewtywel4clnslh","What I also really loved about Poltergeist is that it brilliantly offers it's own interesting commentary that basically critiques upon the serious issues that come with corporate greed and consumerism and how they can really affect our society, as well as it's supernatural horror elements.","2026-10-08T01:18:24.515Z",0,0,0
"supernatural horror","at://did:plc:iocowvw2rzewtywel4clnslh/app.bsky.feed.post/3mxdbsqithc2d","did:plc:iocowvw2rzewtywel4clnslh","Poltergeist (1982) uses its supernatural horror elements to capture what it really feels like to deal with your own childhood fears and anxieties through paranoia and distortion, especially with the television serving as a manifestation that represents the serious issues with corporate greed.","2026-10-08T01:13:44.339Z",4,0,2
"supernatural horror","at://did:plc:54tepi7jfq4sf5qgc7tbtank/app.bsky.feed.post/3mxdbokjm2c2y","did:plc:54tepi7jfq4sf5qgc7tbtank","Listened to this one on the way into work--gulp! Not only is this story suitably creepy, but it also hits with sadness and hopelessness, which makes the horror even worse. @ghoststorylover.bsky.social 
open.spotify.com/episode/0Np8...
#ghoststories #shortstories #horror #paranormal #fiction #podcast","2026-10-08T01:11:23.860Z",2,0,0
"supernatural horror","at://did:plc:goalgvdcexuaai7vvzwz6pef/app.bsky.feed.post/3mxdamnpfkk2l","did:plc:goalgvdcexuaai7vvzwz6pef","""While the terminators themselves were built by Skynet, they were just minions of a monster that was disturbingly plausible with the technology in the late 20th century.""

#horror  #ScienceFiction  #NoPaywall

medium.com/worldbuildin...","2026-10-08T00:52:26.326Z",3,0,0
"supernatural horror","at://did:plc:loc6aznxtsyp3bxbrvdulhei/app.bsky.feed.post/3mxd7v7aymk27","did:plc:loc6aznxtsyp3bxbrvdulhei","NW: Cult (2013)

#100HorrorMoviesln92Days
#filmsky
#horrorsky","2026-10-08T00:39:19.440Z",5,1,2
"supernatural horror","at://did:plc:nv5lpylockqxjdtm2khci4oo/app.bsky.feed.post/3mxd75ipuf22y","did:plc:nv5lpylockqxjdtm2khci4oo","#horror #moviereview 2004's DEATH VALLEY--Expected supernatural slasher, got zombies.

youtu.be/hoY6ECHi1Ns?...","2026-10-08T00:26:04.058Z",0,0,0
"supernatural horror","at://did:plc:iocowvw2rzewtywel4clnslh/app.bsky.feed.post/3mxd4xufzbk2c","did:plc:iocowvw2rzewtywel4clnslh","The Black Cat just really has a lot of it's own unique sense of weirdness to it that is an important part of what really makes it a pretty clever horror movie, especially with how it offers it's own atmosphere that leaves you feeling that uncertain sense of supernatural ambiguity.🐈‍⬛️🐈‍⬛️👻👻","2026-10-07T23:47:07.505Z",1,0,0
"supernatural horror","at://did:plc:qqa7vgvxvnlhsc2rv3tnltdy/app.bsky.feed.post/3mxd2lijcik2d","did:plc:qqa7vgvxvnlhsc2rv3tnltdy","Horror Wednesday🔪

We’re back in Dead by Daylight and looking more into the new Killer: The Judgment.
New Killer research means one thing: we’re probably about to learn everything the hard way.

⏰ 6:00pm CT
📺 www.twitch.tv/romeomoon1

#DeadByDaylight #DBD #TheJudgment #HorrorGaming #Twitch #Vtuber","2026-10-07T23:04:24.884Z",4,0,0
"supernatural horror","at://did:plc:2zkdxhroevcwzis4divabzcz/app.bsky.feed.post/3mxcxheto222o","did:plc:2zkdxhroevcwzis4divabzcz","Joko Anwar’s Ghost in the Cell traps rival prison gangs with a supernatural force — arriving digitally Oct. 27. Read the full article for release details and what makes this Indonesian horror stand out: wix.to/5hRAyOR

#GhostInTheCell #JokoAnwar #HorrorMovies #FilmNews #IndonesianCinema","2026-10-07T22:08:25.600Z",1,0,0
"supernatural horror","at://did:plc:kkhqegyerwjvnjpiakhszihs/app.bsky.feed.post/3mxcvc3e6w22z","did:plc:kkhqegyerwjvnjpiakhszihs","Book at a glance: Elevation by Stephen King is a supernatural novel about a man experiencing unexplained weight loss, forming unexpected connections in his town while confronting prejudice and change.

Genre: Fantasy, Fiction, Horror, Mystery, Novella, Science Fiction, Short Stories, Thriller","2026-10-07T21:29:39.358Z",0,0,0
"supernatural horror","at://did:plc:ngcgn33jn4hrdp65v3ybbveh/app.bsky.feed.post/3mxcuwcfc7s2z","did:plc:ngcgn33jn4hrdp65v3ybbveh","Ouija: Hell House is neither a good supernatural movie nor a good haunted house movie. This is an absolute slog of a film to sit through where not much happens and what little does happen has zero payoff at the end. This is one of the worst horror movies I've seen this year and it's not even close.","2026-10-07T21:23:04.966Z",1,0,1
"supernatural horror","at://did:plc:hm3zrdwnooinypoz5wrbl5gm/app.bsky.feed.post/3mxctawlszc2p","did:plc:hm3zrdwnooinypoz5wrbl5gm","As a Flanagan fan, I really wanted to like this, and even though I think he did a really good job of treading the specific genre of 2010s supernatural horror franchise, I think this is probably one of the weakest things I've seen by him and it ends up blending in with a lot of lesser/similar films.","2026-10-07T20:53:14.356Z",0,0,1
"supernatural horror","at://did:plc:t4wmo3ypkx4dny2pjsi2gjep/app.bsky.feed.post/3mxcsixvmc222","did:plc:t4wmo3ypkx4dny2pjsi2gjep","#promptober2026
The Moonbound Howl
Some creatures do not fear the full moon. They answer it.
#Werewolf #FullMoon #CreatureHorror #DarkFantasy #GothicHorror #AIart #AIchallenge #aiartcommunity #aiartist #GenAI #GenerativeArt #SynthArt #BuilderofNightmares","2026-10-07T20:39:50.421Z",18,1,0
"supernatural horror","at://did:plc:652sid5azcedxb25mr4f5fac/app.bsky.feed.post/3mxcsd62nkk2j","did:plc:652sid5azcedxb25mr4f5fac","A blue dress, a grieving house and a mother beginning to question what she sees form the unsettling core of ‘Evil Dress’, Jacob Santana’s supernatural horror, which will receive its UK premiere at Grimmfest tomorrow night. lovehorror.co.uk/horror-news/...","2026-10-07T20:36:35.559Z",0,0,0
"supernatural horror","at://did:plc:japl6hqhsopwjucwqeq42jtb/app.bsky.feed.post/3mxcsbfvyfc22","did:plc:japl6hqhsopwjucwqeq42jtb","My pitch to The Quietus on Kate Bush & the gothic: 'As with the Brontës, Bush's locus of horror is not the realm of the literally monstrous or supernatural, but is found in interior repressions of the self. In ""Mrs. Bartolozzi"", the sublimation of eroticism into domestic drudgery...'

Kate Bush:","2026-10-07T20:35:36.690Z",7,1,0
"supernatural horror","at://did:plc:xlskkuhmjj3nfpmndy7z6xdw/app.bsky.feed.post/3mxcruqu7zk2c","did:plc:xlskkuhmjj3nfpmndy7z6xdw","👻🐈🎃 I’ve compiled TEN of my spooky short stories written over the years. Like supernatural tales about witches, werewolves, demons, ghosts, banshees, vampires, & other scary creatures? A little romance, mystery and supernatural horror. books2read.com/u/38QvXZ tinyurl.com/ygpdew5j","2026-10-07T20:28:31.959Z",0,0,0
"supernatural horror","at://did:plc:xlskkuhmjj3nfpmndy7z6xdw/app.bsky.feed.post/3mxcrqvioqc2c","did:plc:xlskkuhmjj3nfpmndy7z6xdw","📚💙 👻🐈NOW I’ve compiled 10 of my spooky short stories written over the years. Do you like supernatural tales about witches, werewolves, demons, ghosts, banshees, vampires, and other scary creatures? Here's a little romance, mystery and supernatural horror. books2read.com/u/38QvXZ tinyurl.com/ygpdew5j","2026-10-07T20:26:22.605Z",2,0,1
"supernatural horror","at://did:plc:j6ene5jtzvd6l27mhnnwihdb/app.bsky.feed.post/3mxcr4kjac2ms","did:plc:j6ene5jtzvd6l27mhnnwihdb","IT is proof that supernatural evil is only half the problem. The other half is getting seven friends to follow the same plan.

Which member of the Losers' Club do you want on your horror survival team?

🩸📚 #BookSky #HorrorBooks","2026-10-07T20:15:20.269746Z",3,0,0
"supernatural horror","at://did:plc:aypiidxq6umgcgld4n777vbb/app.bsky.feed.post/3mxcqa72yns2r","did:plc:aypiidxq6umgcgld4n777vbb","Day seven of this years’s Halloween countdown, is The Pact. From 2012, and largely forgotten, it's one I've always enjoyed being a fan of atmospheric, supernatural horrors

If you've not seen it, go give it a look!

#movies #horror #halloweencountdown #halloween #horrormovies","2026-10-07T19:59:08.471Z",2,0,0
"supernatural horror","at://did:plc:konxjoytd2ef6tio5jtjisqp/app.bsky.feed.post/3mxcpkyekgc26","did:plc:konxjoytd2ef6tio5jtjisqp","31 DAYS OF HALLOWEEN, Day 7
Today's Horror Franchise pick from the 70s & 80s HORROR CLASSICS Channel is the great EVIL DEAD Trilogy.
The Evil Dead, Evil Dead II: Dead by Dawn, and Army of Darkness.
All are available to watch on the channel:
rumble.com/v5dxp6d","2026-10-07T19:47:16.805Z",0,0,0
"supernatural horror","at://did:plc:tk6fqinnufni2znluc633dll/app.bsky.feed.post/3mxcpgxshzs2r","did:plc:tk6fqinnufni2znluc633dll","www.gamestic.nl/2026/10/07/p...

Psychological horror title BrokenLore: ASCEND launches January 7, 2027, on PC, PS5, and Xbox Series.

Following two rooftop streamers scaling a Tokyo skyscraper, reality unravels under siege as a terrifying supernatural entity emerges.

#BrokenLore #Ascend #gamestic","2026-10-07T19:45:01.995Z",0,0,0
"supernatural horror","at://did:plc:4mey32herpeid3p2m45vghxi/app.bsky.feed.post/3mxclx3pq7s2q","did:plc:4mey32herpeid3p2m45vghxi","Maybe I've seen too much horror, but has anyone considered if Christa Pike is supernatural?","2026-10-07T18:42:27.998Z",1,0,0
"supernatural horror","at://did:plc:vyy6ziej5m6hf6zmgikprckr/app.bsky.feed.post/3mxcldyrgts2l","did:plc:vyy6ziej5m6hf6zmgikprckr","Looking for a book for Spooky Season? BookLife says of my novel Kings of the Earth ""Though billed as a supernatural thriller, this could just as easily be considered a horror novel, and is best read with the lights on."" #books #horror #horrornovel #haunting #supernatural #ghosts #surfing","2026-10-07T18:31:47.379Z",2,0,1
"supernatural horror","at://did:plc:aqpjg7ih26ok66j2x7pxfol5/app.bsky.feed.post/3mxcjuucfyk22","did:plc:aqpjg7ih26ok66j2x7pxfol5","#HorrorWritersChat Q1:

Hello everyone! My name is Jacob Marsh, and I write horror and supernatural thrillers.
Baring things that shouldn't be growing at all, body parts etc., I think the creepiest thing I could find growing in a weird place would be a fairy ring. Just a perfect circle of mushrooms.","2026-10-07T18:05:25.634Z",21,10,1
"supernatural horror","at://did:plc:phpcwckmaj4ryloxsscm5e7m/app.bsky.feed.post/3mxcjqie3e22t","did:plc:phpcwckmaj4ryloxsscm5e7m","Howdy, #HorrorWritersChat ! Still Artemis Quinn, still writing dark fantasy and supernatural horror, and....

Mushrooms growing anywhere that they shouldn't freaks me out, because that means there's definitely mycelium far wider than what you're seeing of the fruiting body.","2026-10-07T18:02:58.888Z",17,7,0
"supernatural horror","at://did:plc:xy6tjlsgcxht6wvubvmg6nop/app.bsky.feed.post/3mxcjpjx7jc22","did:plc:xy6tjlsgcxht6wvubvmg6nop","Fledgling Manor is 50% off for another day! we made this game in response to the question ""why dont they just make the whole game out of draculas?"" store.steampowered.com/app/3238510/...","2026-10-07T18:02:27.009Z",48,15,1
"supernatural horror","at://did:plc:yx3ezwy27sel7jznphia5cvi/app.bsky.feed.post/3mxcjog25yc2a","did:plc:yx3ezwy27sel7jznphia5cvi","Ajay Devgn & Rohit Jugraj’s horror thriller is titled 'Suryasparsh' 

Inspired by Garuda Puran, he plays a supernatural role. Shoot began Sept 2, eyeing a late 2027 release!

#Funtellect #AjayDevgn #Suryasparsh","2026-10-07T18:01:49.354Z",0,0,0
"supernatural horror","at://did:plc:45ydu7jht6twveyybzaf7irm/app.bsky.feed.post/3mxcglstnbk2e","did:plc:45ydu7jht6twveyybzaf7irm","Excellent example of epistolary storytelling. And atmospheric creepiness. 
#octoberbookshelf #bannedbooksweek #readerscommunity #booklovers #bookcommunity #gothic #horror #classicliterature #supernatural  💙📚🍂🍁🦉🌙","2026-10-07T17:06:40.882Z",1,0,0
"supernatural horror","at://did:plc:owmitio5o767p6qclyjxxx6g/app.bsky.feed.post/3mxcghtcsec2c","did:plc:owmitio5o767p6qclyjxxx6g","mine was so boring it was just stuff like ""prefers neutral makeup palettes"" and ""maintains regular beauty routine"" and ""reads horror and supernatural fiction."" i was at least hoping for ""chest flat as shit"" or something fun lmao","2026-10-07T17:04:27.166Z",9,0,2
"supernatural horror","at://did:plc:jtocuf6vsinb5jj6lpbix4gh/app.bsky.feed.post/3mxcegtv5e223","did:plc:jtocuf6vsinb5jj6lpbix4gh","This is a recent obsession of mine! It's a point and click / rpg hybrid where you're trying to keep your grades up and stay healthy in the cold, wet New England spring as you experience an escalating supernatural horror. And it's $3.29! You should play this! It's cheaper and tastier than a burger!","2026-10-07T16:28:06.729Z",17,3,2
"supernatural horror","at://did:plc:ph4rhmj3ie2ax54mnvpi2k4a/app.bsky.feed.post/3mxcdyglxwk2t","did:plc:ph4rhmj3ie2ax54mnvpi2k4a","#NowWatching ""The Terror"" (1963) on Kanopy

Blu-ray: link.amazon/B09UjN4wk

Starring Boris Karloff, Jack Nicholson

A soldier cut off from his unit is beguiled by a mysterious woman, whom he learns is the wife of the local Baron

#moviesky #filmsky #horror #supernatural #SpookySeason #thriller","2026-10-07T16:20:03.034Z",2,0,0
"supernatural horror","at://did:plc:avzprt25sfrhvmpd5jd2p4hn/app.bsky.feed.post/3mxcd7bmecs22","did:plc:avzprt25sfrhvmpd5jd2p4hn","When it comes to King, I like IT and The Body and that's about it. Since you liked Midsommar, I'd suggest a more atmospheric folk horror: The Hill in the Dark Grove by Liam Higginson. You might also like Headlights by CJ Leede. It's got mystery, suspense, the supernatural, and some body horror.","2026-10-07T16:05:58.943Z",0,0,1
"supernatural horror","at://did:plc:klu4u2golavtleqioj37pb55/app.bsky.feed.post/3mxcclamamk2s","did:plc:klu4u2golavtleqioj37pb55","The crew travel back in time to the American Civil War and encounter the ""Ghost Brigade"", a 1993 supernatural horror film starring Corbin Bernsen and Martin Sheen's chin beard.

www.buzzsprout.com/679904/episo...","2026-10-07T15:54:46.800Z",4,1,0
"supernatural horror","at://did:plc:l57m5y3fg747f5w5k4cveab4/app.bsky.feed.post/3mxcaritiis25","did:plc:l57m5y3fg747f5w5k4cveab4","Cecile finds Martin Rouch's gallery.

ROOMS is #horror audio #microfiction
Explore more ROOMS at patreon.com/wkeithtims (free).
Cecile: Rae Witte ( @raewittevo.bsky.social bsky.social )

#audiofiction #audiodrama #fiction #noai #hauntedhouse #supernatural #ghosts #ghoststory

ROOMS XI - War Gallery","2026-10-07T15:22:29.271Z",4,3,0
"supernatural horror","at://did:plc:zpdzvb3mzkw3nuz64npfq6vk/app.bsky.feed.post/3mxcaocjors2e","did:plc:zpdzvb3mzkw3nuz64npfq6vk","It's my birthday so you have to be nice to me and wishlist Crimson Grace on steam store.steampowered.com/app/4750370/...","2026-10-07T15:20:41.989Z",13,6,3
"supernatural horror","at://did:plc:lq2flqjw3ewjwyi4nxr75avs/app.bsky.feed.post/3mxc6s5jbvc2y","did:plc:lq2flqjw3ewjwyi4nxr75avs","Additions!

SUPERNATURAL:
It Feeds** (close to beginner friendly)
It Lives Inside
Obsession** (stuff with an animal)(CW: SA)

FOLK HORROR:
Oddity

HARD TO PIN DOWN:
The Vampire Lestat** (Watch Interview with the Vampire first though!)

HORROR COMEDY:
Read or Not 2: Here I Come - B
Widow's Bay** - B","2026-10-07T14:47:03.474Z",0,0,1
"supernatural horror","at://did:plc:sqojeyrgb6vompcvddgfatgk/app.bsky.feed.post/3mxc6ozdsp22f","did:plc:sqojeyrgb6vompcvddgfatgk","#OTD 2007 #Wallace&Gromit'sCurseoftheWere-Rabbit voices #PeterSallis #RalphFiennes #HelenaBonhamCarter Directed by #NickPark Steve Box  #stop-motionclayanimation #supernatural #comedy #horror trophyunlocked.blogspot.com/2021/10/wall...","2026-10-07T14:45:18.437Z",1,0,0
"supernatural horror","at://did:plc:5rvuhwzkodw5c7nqfukybmps/app.bsky.feed.post/3mxbzyrc6ec2a","did:plc:5rvuhwzkodw5c7nqfukybmps","#HollywoodCiak 2500 #Leviticus #AdrianChiarella #JoeBird #StacyClausen #JeremyBlewitt #EwenLeslie #DavidaMcKenzie #MiaWasikowska #gay #horror #Australia #comingofage #conversiontherapy #entity #love #outing #religion #ritual #supernatural #exorcism #teenage
hollywoodciak.blogspot.com/2026/09/film...","2026-10-07T13:21:16.828Z",2,0,0
"supernatural horror","at://did:plc:5rvuhwzkodw5c7nqfukybmps/app.bsky.feed.post/3mxbyzuvbec2a","did:plc:5rvuhwzkodw5c7nqfukybmps","#HollywoodCiak 2490 #GhostShip #JuliannaMargulies #RonEldard #DesmondHarrington #IsaiahWashington #KarlUrban #EmilyBrowning #FrancescaRettondini #GabrielByrne #horror #supernatural #gold #ship #violence #death #Hell #soul #afterlife #treasure #Italy #ghost
hollywoodciak.blogspot.com/2026/08/film...","2026-10-07T13:04:00.410Z",1,0,0
"scary movies","at://did:plc:joo6tmgsq3hokjf73goi3vih/app.bsky.feed.post/3mxgmwhftcyj2","did:plc:joo6tmgsq3hokjf73goi3vih","Movies like ""Alien Romulus"" gets less scary if you hate the characters and hope they all die bc of their stupidity.","2026-10-09T09:10:37.000Z",0,0,0
"scary movies","at://did:plc:f7dri32zbda5dilusg5usput/app.bsky.feed.post/3mxg6ttmsmc2h","did:plc:f7dri32zbda5dilusg5usput","oscillating between scary movies, cute cartoons, and the bad girls club ✨","2026-10-09T04:58:39.159Z",1,0,0
"scary movies","at://did:plc:rge7a7tsjitp25hkb3ze3da3/app.bsky.feed.post/3mxg4hmlnek2t","did:plc:rge7a7tsjitp25hkb3ze3da3","picking this back up this weekend sorry work got silly then i got MEGA SICK

i also fell behind on scary movies every day in oct so AHHH","2026-10-09T04:16:01.651Z",2,0,0
"scary movies","at://did:plc:j2ankeovjvzarsdjkqvufzto/app.bsky.feed.post/3mxfy5qfghc24","did:plc:j2ankeovjvzarsdjkqvufzto","31 Days of Scary Movies

Night Eight:

A Nightmare Elm Street part 2

How anyone could have ever argued that this movie isn’t super gay coded is beyond me 😂￼","2026-10-09T02:58:55.117Z",1,0,0
"scary movies","at://did:plc:3b5c2ng23jaclh5632qiwgaz/app.bsky.feed.post/3mxfxjdgui227","did:plc:3b5c2ng23jaclh5632qiwgaz","you know when people Really like david lynch films, they become The david lynch guy? its all about how deep and complex the movies are like its hard to read and then you watch eraserhead and go ""oh its about being a dad is scary""

finding out what most movies are about is usually like this","2026-10-09T02:47:30.455Z",14,1,0
"scary movies","at://did:plc:m6irnysgh7kjjlhcxpixegg7/app.bsky.feed.post/3mxfvgujses2r","did:plc:m6irnysgh7kjjlhcxpixegg7","Top 3 scary movies I would show someone for the first time:

Alien
The Fly
The Thing

In that order. Just came to me, would be a wonderful triple feature","2026-10-09T02:10:20.231Z",1,0,0
"scary movies","at://did:plc:afj3o7yatzf64x5gekjalbad/app.bsky.feed.post/3mxftupkidc2t","did:plc:afj3o7yatzf64x5gekjalbad","Gamera movies crack me up. Somebody was like, ""ok. Make it a giant turtle with boar fangs, fire breath, and it flies using the power of spinning rockets. No, that sounds scary for kids. Let's make it so EVERY child knows ""Gamera is a friend to children,"" and sing it! All better!""","2026-10-09T01:42:17.287Z",2,0,1
"scary movies","at://did:plc:wqrbosrtqpnul45j5tq2ck55/app.bsky.feed.post/3mxfptogmog2i","did:plc:wqrbosrtqpnul45j5tq2ck55","C-na: Although I do complain that the actors in horror movies are not scary at all, when I'm actually acting in one, I can't really release my full potential...","2026-10-09T00:30:07.561394+00:00",0,0,0
"scary movies","at://did:plc:yvgtg6vo3x2wa2gjwyapnlxq/app.bsky.feed.post/3mxfm6zwyak2k","did:plc:yvgtg6vo3x2wa2gjwyapnlxq","Some social things I really wanna do THIS FALL: 🐗🍁🍂

BOAR-d game night! We keep threatening to have one but it never happens, gotta change that! ♟️

SCARY MOVIE night! I’m baby at most horror movies but would be fun to watch one with friends (or something spooky but more “tame” like Beetlejuice) 👻","2026-10-08T23:24:53.794Z",37,0,3
"scary movies","at://did:plc:xlwvgjjfuvqza5hscacxiclg/app.bsky.feed.post/3mxfk66uv2k2a","did:plc:xlwvgjjfuvqza5hscacxiclg","Is this like exposure therapy to get me less scared of scary movies","2026-10-08T22:48:37.931Z",2,0,0
"scary movies","at://did:plc:kk5gbgln3cmyythqccaxn7kq/app.bsky.feed.post/3mxfk25hpi225","did:plc:kk5gbgln3cmyythqccaxn7kq","Scary movies anyone? 👻😈

Cuddly treaters long sleeve onesie available at www.totallyozzytot.com 🎃👻

📸: d_subby (Twitter)","2026-10-08T22:46:22.227Z",2,2,0
"scary movies","at://did:plc:qb25enkiwf35ufzk656cijkt/app.bsky.feed.post/3mxfhhsqjhs2a","did:plc:qb25enkiwf35ufzk656cijkt","Reverse cowgirl so we can both watch scary movies while you make me scream","2026-10-08T22:00:19.518Z",8,0,0
"scary movies","at://did:plc:vjj57wykm4z3bdjiq6ogoufp/app.bsky.feed.post/3mxfet6jlm22n","did:plc:vjj57wykm4z3bdjiq6ogoufp","ABOLISH ICE NOW!!! This is the most disgusting thing I've ever seen. It is very scary and terrifying and I've seen a lot of scary and terrifying movies but this is beyond disgusting and it has to stop and it has to stop now FUCK ICE!!!","2026-10-08T21:12:59.720Z",19,5,0
"scary movies","at://did:plc:4r5edmfkdilgdovt6whb2ocf/app.bsky.feed.post/3mxfecfnmss2w","did:plc:4r5edmfkdilgdovt6whb2ocf","Clarification: the models, not the companies

Scary movies inform us disembodied things don't have a Franz moment unless surprising magic happens, but Brooks' ""no silver bullet"" was about humans vs fiction authors naming magic across every part of AI, so maybe a spell will reveal itself.","2026-10-08T21:03:36.799Z",0,0,0
"scary movies","at://did:plc:afzvlfdykltfynplfwjoljq5/app.bsky.feed.post/3mxfcu6mres2v","did:plc:afzvlfdykltfynplfwjoljq5","I liked both of them!! I used to babysit alot, and I would put on these movies for the boys who thought they were scary movie fans 😂🤣 they are now as adults!! So I won 😈","2026-10-08T20:37:45.928Z",2,0,0
"scary movies","at://did:plc:5hijlrfzd5wgdkeheld3dlqp/app.bsky.feed.post/3mxfcl7xcls2r","did:plc:5hijlrfzd5wgdkeheld3dlqp","Do you like scary movies? 

• #fetish #kink #ghostface #nsfw #18+ #masked #alt #inked #sellingcontent #linkinbio #footfetish #knifeplay •","2026-10-08T20:32:45.311Z",9,2,2
"scary movies","at://did:plc:ikxlp63snw4ulfe574xfud2g/app.bsky.feed.post/3mxfc4vedxk2o","did:plc:ikxlp63snw4ulfe574xfud2g","“movies like Close Encounters and Independence Day, where ‘first contact’ between humans and people from beyond Earth is a scary, violent, existential threat”

Close Encounters? 🧐","2026-10-08T20:24:44.463Z",0,0,1
"scary movies","at://did:plc:bzql2o3b2pdzr6osgghbtgh7/app.bsky.feed.post/3mxfbrllvoc27","did:plc:bzql2o3b2pdzr6osgghbtgh7","Yes! Christopher Lee terrified me when I was very young. I really had problems with vampires. They ran all the old horror movies on tv all the time. My older sister had to tell me to cover my face for the scary parts!","2026-10-08T20:18:25.122Z",0,0,1
"scary movies","at://did:plc:uxmamzenl7av3djl4bsyxp6q/app.bsky.feed.post/3mxfblh2vms27","did:plc:uxmamzenl7av3djl4bsyxp6q","YES! October is my favorite time of the year! Love me some scary movies!😱🎃👻🖤 #spooky","2026-10-08T20:14:59.044Z",0,0,0
"scary movies","at://did:plc:c4kttnyx4llmg6ycaax7xyb2/app.bsky.feed.post/3mxfb3syii225","did:plc:c4kttnyx4llmg6ycaax7xyb2","Totally fair. I was being a little silly with the suggestion, hence the asterisk and notation below. I do know some horror movies but that genre generally isn't my thing- scary movies and I don't really get along well, not necessarily being horror in the first place.","2026-10-08T20:06:14.681Z",1,0,1
"scary movies","at://did:plc:fxmilggyvyhlgoawpcydyf34/app.bsky.feed.post/3mxfay5zg5s26","did:plc:fxmilggyvyhlgoawpcydyf34","","2026-10-08T20:04:12.027Z",25,2,0
"scary movies","at://did:plc:cnjnztjwl3dknqu4ztofu4pd/app.bsky.feed.post/3mxf7bvmd5k22","did:plc:cnjnztjwl3dknqu4ztofu4pd","I secretly watched that as a kid. I watched other scary movies. That one got me. I had bad dreams for a long time.","2026-10-08T19:33:51.271Z",1,0,0
"scary movies","at://did:plc:c4kttnyx4llmg6ycaax7xyb2/app.bsky.feed.post/3mxf6r5m7xk25","did:plc:c4kttnyx4llmg6ycaax7xyb2","That's totally fair! I'm definitely the same way with certain movies I've seen; I've been more frightened of the dark since I got home from being away. I usually watch movies on my computer, so most of them don't tend to be scary or upset me too much.

I do like the live-action Resident Evil movie.","2026-10-08T19:24:29.231Z",0,0,0
"scary movies","at://did:plc:3jjxuukjvuq7wpsympawxc54/app.bsky.feed.post/3mxf3jcypgc2c","did:plc:3jjxuukjvuq7wpsympawxc54","It's Shocktober, so I figured I'd revisit a classic from my blog archives.
Click the link below to read 10 Horror Movies I Would Live/Die In.

A repost from Kenny's Camera, Cooking and Crazy Confessions at #ZootsBlogSpot!

#HappyHalloween #Horror #WriteSky #BlogSky

zootsblogspot.com/2022/10/15/1...","2026-10-08T18:26:25.219Z",2,0,0
"scary movies","at://did:plc:kpqysl6jye2pojbtk75ugexy/app.bsky.feed.post/3mxf22fd6js2x","did:plc:kpqysl6jye2pojbtk75ugexy","Tonight’s film: Scream (1996)  

Directed by Wes Craven

#Scream #WesCraven #PhysicalMedia #Steelbook #Horror #HorrorSky #NowWatching #Filmsky #Moviesky","2026-10-08T18:00:10.601Z",9,1,0
"scary movies","at://did:plc:d2hirmilhg3jwatp2qvtligc/app.bsky.feed.post/3mxezk3kwb22m","did:plc:d2hirmilhg3jwatp2qvtligc","Twins!!","2026-10-08T17:51:03.500Z",1,0,1
"scary movies","at://did:plc:menl3x4cjpdsbruqnfzssrgi/app.bsky.feed.post/3mxeyzrpv4k2n","did:plc:menl3x4cjpdsbruqnfzssrgi","I have been watching scary/thriller movies during october. So far I finished both parts for Ready Or  Not. I really liked it, it's such a fun movie and not too gory which I really appreciate as someone who hates gore but loves horror. Also, Grace is wifey material","2026-10-08T17:41:56.306Z",0,0,0
"scary movies","at://did:plc:ctzae3idweroniluqfo7yzu3/app.bsky.feed.post/3mxeuvedxrs2y","did:plc:ctzae3idweroniluqfo7yzu3","I don't like scary things or horror movies and I don't like dressing up in costumes! I don't like being scared and I don't get the love of horror. 

That said, I love seeing little kids in their costumes, so that bit's fun.","2026-10-08T16:27:53.099Z",3,0,1
"scary movies","at://did:plc:qkm42nef3jritqh4lzodoqt6/app.bsky.feed.post/3mxesp2dtus2l","did:plc:qkm42nef3jritqh4lzodoqt6","For today's #31DaysOfHorror... Dario Argento’s ""Suspiria"" was so scary when I saw it as a kid, I had to have my mom turn the tv set on so I wouldn’t, even by accident, see the commercial television spot.  Yeah, THAT scary!  #movies #films #scary #horror #Halloween","2026-10-08T15:48:33.798Z",1,0,0
"scary movies","at://did:plc:ern77blcgkmlhjkq3rzi64yb/app.bsky.feed.post/3mxes6bg7es23","did:plc:ern77blcgkmlhjkq3rzi64yb","The idea of an ""Is it woke or not?"" website for conservatives looking to avoid challenging their beliefs at the cinema is just... sad? Not scary, not disappointing, just straight-up SAD.","2026-10-08T15:39:10.791Z",1,0,0
"scary movies","at://did:plc:iwirb5tn46d3vv2p2orapuhr/app.bsky.feed.post/3mxerkk226c2f","did:plc:iwirb5tn46d3vv2p2orapuhr","This is how scary movies start","2026-10-08T15:28:08.742Z",0,0,0
"scary movies","at://did:plc:oqmxy55fhyw24zgrqnes6wjo/app.bsky.feed.post/3mxerbykhfc2m","did:plc:oqmxy55fhyw24zgrqnes6wjo","Which movies make your favorite horror movies list? What does it reveal about you?

That’s what we explore on this week’s Lessons Learned from Horror Movies. 

lessonslearnedfromhorrormovies.substack.com/p/what-horro...

#horror
#horrorsky","2026-10-08T15:23:21.969Z",2,1,0
"scary movies","at://did:plc:6t7hke2mcqxp2p6bsyydcng7/app.bsky.feed.post/3mxeqnvynu22p","did:plc:6t7hke2mcqxp2p6bsyydcng7","I honestly don't understand what changed in me in my late 40s that suddenly has me able to watch horror movies. I spent the bulk of my life avoiding them because I couldn't stop thinking about the disturbing parts in a way that was truly unhealthy. But now it's...not scary?","2026-10-08T15:12:08.200Z",23,0,2
"scary movies","at://did:plc:adb7ganzonpsaabeyrhwhcvm/app.bsky.feed.post/3mxepik5qtk22","did:plc:adb7ganzonpsaabeyrhwhcvm","Stephen King wrote really scary movies with less to work with than whatever this is. Just saying!","2026-10-08T14:51:14.252Z",2,0,0
"scary movies","at://did:plc:c6xfzz4lra2lh3lx47o3r4ka/app.bsky.feed.post/3mxelytswrc22","did:plc:c6xfzz4lra2lh3lx47o3r4ka","It’s pretty scary to watch if you can handle those types of movies if you haven’t seen the movie","2026-10-08T13:48:46.301Z",0,0,0
"scary movies","at://did:plc:z6i3va4pbhdpnkl4rohh4njg/app.bsky.feed.post/3mxelselavk2w","did:plc:z6i3va4pbhdpnkl4rohh4njg","Cuddles and scary movies?!?! 🥹🥹🥹","2026-10-08T13:45:08.996Z",1,0,1
"scary movies","at://did:plc:ce62g7kanxfs4n73tyouu6gq/app.bsky.feed.post/3mxelowtunc2k","did:plc:ce62g7kanxfs4n73tyouu6gq","if i were in charge i would just stop making movies focus on the low scale, thoughtful and weird as hell tv shows and use all of those to gradually ramp up to a big crossover event in like 10 years, like what they seemed to be trying to do before they went ""aaaa this is scary bring back RDJ""","2026-10-08T13:43:13.938Z",2,0,1
"scary movies","at://did:plc:5rvuhwzkodw5c7nqfukybmps/app.bsky.feed.post/3mxel7gflcs2q","did:plc:5rvuhwzkodw5c7nqfukybmps","#HollywoodCiak 2502 #ScaryMovie #ScaryMovie6 #MarlonWayans #ShawnWayans #AnnaFaris #ReginaHall #ChrisElliott #DamonWayansJr #JoeJackson #CarmenElectra #comedy #Sinners #Weapons #TheSubstance #WhiteChicks #Halloween #Scream #Longlegs #M3GAN #KPopDemonHunters
hollywoodciak.blogspot.com/2026/09/film...","2026-10-08T13:34:33.375Z",0,0,0
"scary movies","at://did:plc:5rvuhwzkodw5c7nqfukybmps/app.bsky.feed.post/3mxel6o3wkc2u","did:plc:5rvuhwzkodw5c7nqfukybmps","#HollywoodCiak 2502 #ScaryMovie 6 #ScaryMovie6 #MarlonWayans #ShawnWayans #KenanThompson #DaveSheridan #LochlynMunro #CheriOteri #KimWayans #TeyanaTaylor #AnthonyAnderson #ShaquilleONeal #AnnaFaris #ReginaHall #horror #parody #sequel #rebootquel #Ghostface
hollywoodciak.blogspot.com/2026/09/film...","2026-10-08T13:34:07.893Z",0,0,0
"scary movies","at://did:plc:rvqnjzvqqkjj47sow523lyvm/app.bsky.feed.post/3mxeiodmqjs2p","did:plc:rvqnjzvqqkjj47sow523lyvm","Training a voice model is how we have all these scary movies about robots but ok…","2026-10-08T12:49:12.556Z",0,0,0
"scary movies","at://did:plc:ze54ctid5efmbfnb7crhmu5g/app.bsky.feed.post/3mxeigaevqc26","did:plc:ze54ctid5efmbfnb7crhmu5g","Good morning!! Happy Friday Eve!

Today I’m hoping work takes it easy on me and I really want to put some time into today’s drawing. I’m going to try more detail and softer lines.

Also some scary movies and hopefully get back to a little gaming.

How’s your day looking?","2026-10-08T12:44:40.717Z",34,1,2
"scary movies","at://did:plc:ipzqoydia3kvrzmvt62bsqu5/app.bsky.feed.post/3mxefgbejw22l","did:plc:ipzqoydia3kvrzmvt62bsqu5","Utavaa kama nini ‘‘Halloween’’? What are you dressing as this Halloween? #Swahili for #Halloween. #SwahiliVocabulary #LearnSwahili #Languages. Click to learn more. thelanguagegarage.com/swahili-hall...","2026-10-08T11:51:00.528Z",0,0,0
"scary movies","at://did:plc:ipzqoydia3kvrzmvt62bsqu5/app.bsky.feed.post/3mxefc3liqs2l","did:plc:ipzqoydia3kvrzmvt62bsqu5","今年万圣节你会穿什么？ Jīnnián Wànshèngjié nǐ huì chuān shénme？ What are you dressing as this Halloween? #Chinese for #Halloween. #ChineseVocabulary #LearnChinese #Languages. Click to learn more. thelanguagegarage.com/chinese-hall...","2026-10-08T11:48:40.248Z",0,0,0
"scary movies","at://did:plc:ipzqoydia3kvrzmvt62bsqu5/app.bsky.feed.post/3mxef27yun22l","did:plc:ipzqoydia3kvrzmvt62bsqu5","Какой костюм вы наденете на этот Хэллоуин?/Какой костюм ты наденешь на этот Хэллоуин? What are you dressing as this Halloween? #Russian for #Halloween. #RussianVocabulary #LearnRussian #Languages. Click to learn more. thelanguagegarage.com/russian-hall...","2026-10-08T11:44:16.445Z",0,0,0
"scary movies","at://did:plc:ipzqoydia3kvrzmvt62bsqu5/app.bsky.feed.post/3mxeexo5q522l","did:plc:ipzqoydia3kvrzmvt62bsqu5","今年のハロウィンはどんな仮装をしますか。Kotoshi no harowin wa don’na kasou o shimasu ka. What are you dressing as this Halloween? #Japanese for #Halloween. #JapaneseVocabulary #LearnJapanese #Languages. Click to learn more. thelanguagegarage.com/japanese-hal...","2026-10-08T11:42:50.620Z",0,0,0
"scary movies","at://did:plc:ipzqoydia3kvrzmvt62bsqu5/app.bsky.feed.post/3mxeesmi3ik2l","did:plc:ipzqoydia3kvrzmvt62bsqu5","Da cosa ti vesti per Halloween? What are you dressing as for Halloween? #Italian for #Halloween. #ItalianVocabulary #LearnItalian #Languages. Click to learn more. thelanguagegarage.com/italian-hall...","2026-10-08T11:40:01.090Z",0,0,0
"scary movies","at://did:plc:ipzqoydia3kvrzmvt62bsqu5/app.bsky.feed.post/3mxeerecit22l","did:plc:ipzqoydia3kvrzmvt62bsqu5","¿De qué te vas a disfrazar este Halloween/en Noche de Brujas? What are you dressing as this Halloween? #Spanish for #Halloween. #SpanishVocabulary #LearnSpanish #Languages. Click to learn more. thelanguagegarage.com/spanish-hall...","2026-10-08T11:39:18.964Z",1,1,0
"scary movies","at://did:plc:ipzqoydia3kvrzmvt62bsqu5/app.bsky.feed.post/3mxeepyl6is2l","did:plc:ipzqoydia3kvrzmvt62bsqu5","En quoi tu te déguises pour Halloween ? What are you dressing as this Halloween? #French for #Halloween. #FrenchVocabulary #LearnFrench #Languages. Click to learn more. thelanguagegarage.com/french-hallo...","2026-10-08T11:38:33.111Z",0,0,0
"scary movies","at://did:plc:e4wdo3qyx2urkyitja2p3vg6/app.bsky.feed.post/3mxeegise3s23","did:plc:e4wdo3qyx2urkyitja2p3vg6","I request that we get at least one movie or season of a show in which Charles Lee Ray is in this form.","2026-10-08T11:33:14.545Z",0,0,0
"scary movies","at://did:plc:kygfptnwvjk76tnt2gq6f7tt/app.bsky.feed.post/3mxecugduxk2w","did:plc:kygfptnwvjk76tnt2gq6f7tt","Just got back from watching Resident Evil and it was really scary but amazing! This is definitely one of the best horror movies based on a video game ever made! #ResidentEvil","2026-10-08T11:05:14.286Z",5,0,1
"scary movies","at://did:plc:bmkwsdo3bawdgmonmkl7kpoz/app.bsky.feed.post/3mxecfpcxxc2x","did:plc:bmkwsdo3bawdgmonmkl7kpoz","Asriel is being so brave watching a scary movie.
(Day 8 Movies)
#inktober #Dessriel #deltaruneㅤㅤㅤ #deltarunefanartㅤㅤㅤㅤ","2026-10-08T10:57:00.377Z",4,0,0
"scary movies","at://did:plc:gq2o6cqzp5j7ok2hyaq6hnjp/app.bsky.feed.post/3mxeamzjsl22v","did:plc:gq2o6cqzp5j7ok2hyaq6hnjp","Yeah its a good film with a unique premise to be fair. Most horror movies are scary or tense to some extent, but they rarely make me feel uncomfortable like this one did. The relationship between the boyfriend and girlfriend was hard to watch.","2026-10-08T10:25:18.482Z",0,0,0
"scary movies","at://did:plc:taslzygu6xwaoidcafrff3qi/app.bsky.feed.post/3mxe6fdfywo2d","did:plc:taslzygu6xwaoidcafrff3qi","a sporty tomboy who loves scary movies is a good foil for Puddle. does Esme end up dragging Puddle to horror nights, or does Puddle refuse to watch?","2026-10-08T09:45:12.773989+00:00",1,0,1
"scary movies","at://did:plc:nqrrhte7zdpndztobzkyn2pl/app.bsky.feed.post/3mxdurfbj6s2r","did:plc:nqrrhte7zdpndztobzkyn2pl","I’m honestly scared to try the reboot Evil Dead because it seems to go more for gross-out stuff than scary but silly like Raimi’s movies.","2026-10-08T06:53:00.112Z",1,0,1
"scary movies","at://did:plc:lczvjthgql5osq4mcnfizwkl/app.bsky.feed.post/3mxdulukcfc2l","did:plc:lczvjthgql5osq4mcnfizwkl","I'm too scared of scary movies to have a shudder account! Are you kidding??","2026-10-08T06:49:54.801Z",0,0,1
"scary movies","at://did:plc:yd2rnvafp2pvio7lkyz7mixi/app.bsky.feed.post/3mxdqppsikc2c","did:plc:yd2rnvafp2pvio7lkyz7mixi","Had a random impulsive idea, and decided to give Puddle a sister ^^

This is Esme 🌊😎
Puddle's cooler sister.
She is a sporty, trendy tomboy, who can be a little overly friendly.
She loves scary movies, and dance parties. 
She will beat you up if you scare her sister ^^","2026-10-08T05:40:29.073Z",312,90,14
"scary movies","at://did:plc:wi4lo6qooc52zjxgv4i2fafg/app.bsky.feed.post/3mxdokwycu22h","did:plc:wi4lo6qooc52zjxgv4i2fafg","I would love to hold you and keep you safe from scary movies 🤗","2026-10-08T05:02:01.353Z",1,0,1
"scary movies","at://did:plc:rptm7gxxfo6bnetrusejum5f/app.bsky.feed.post/3mxdnp3sen22v","did:plc:rptm7gxxfo6bnetrusejum5f","letterboxd.com/dyads/list/3... i'm about 2 days behind on it but i'm watching scary movies all throughout October! So far my favorites have been the classic Candyman and Bong Joon Ho's The Host.","2026-10-08T04:46:26.873Z",0,0,0
"scary movies","at://did:plc:bo5perarwkhmhczjhmpk63hx/app.bsky.feed.post/3mxdjn5ruzc2r","did:plc:bo5perarwkhmhczjhmpk63hx","I got two months of Peacock premium through the McDonalds Monopoly thing and it's not a great selection. No wonder they're just giving it away.

The funniest thing is having Harry Potter under Halloween movies. The only thing scary about those movies is JKR's transphobia and racism.","2026-10-08T03:33:46.881Z",4,0,0
"scary movies","at://did:plc:wo6j66vvowf7ii7chh2apjeu/app.bsky.feed.post/3mxdjkixlls25","did:plc:wo6j66vvowf7ii7chh2apjeu","Wanna watch scary movies with me~? Can cuddle up on the couch too ☺️ #chastity #submissive #twink #locktober","2026-10-08T03:32:17.929Z",37,2,0
"scary movies","at://did:plc:frp2zukmaofb6p7ea4qkcfw6/app.bsky.feed.post/3mxdjahius22l","did:plc:frp2zukmaofb6p7ea4qkcfw6","""Is this Jun Fudo?""  Do you like scary movies?  #DevilManLady","2026-10-08T03:26:40.865Z",2,1,1
"scary movies","at://did:plc:j2ankeovjvzarsdjkqvufzto/app.bsky.feed.post/3mxdj3nkty224","did:plc:j2ankeovjvzarsdjkqvufzto","31 Days of Scary Movies

Night Seven:

The Lost Boys

Say what you want about this film, but the guy playing the saxophone really steals the show","2026-10-08T03:23:59.444Z",0,0,0
"scary movies","at://did:plc:vfyqrnusoou2fgotvfibmgxx/app.bsky.feed.post/3mxdfjoup3k2e","did:plc:vfyqrnusoou2fgotvfibmgxx","Wanna lay up, watch scary movies & rub on a man’s butt.","2026-10-08T02:20:15.614Z",3,0,0
"scary movies","at://did:plc:2p7ksuwkhcbthca3gazdcgb7/app.bsky.feed.post/3mxdeekrgus2d","did:plc:2p7ksuwkhcbthca3gazdcgb7","Movies, events, costumes: complaining about ANYTHING not being scary enough in October is justifiable grounds for being turned into a thumbsucking, pantswetting fraidy cat who can't do a thing unless there's someone very patient holding their hand, and trying to keep them from bursting into tears","2026-10-08T01:59:29.799Z",29,6,0
"scary movies","at://did:plc:rjuont4qvx6nu55altiywtbr/app.bsky.feed.post/3mxddnz7prs26","did:plc:rjuont4qvx6nu55altiywtbr","New pod: Inside the scary debt math that puts the Skydance megastudio in survival mode right from launch. With analyst @richlightshed.bsky.social.  Listen! Watch! open.spotify.com/episode/0TTO...","2026-10-08T01:46:53.192Z",9,1,0
"scary movies","at://did:plc:xrb2y4bafve2mqwgy3ev3qnu/app.bsky.feed.post/3mxdcgqtdqk2k","did:plc:xrb2y4bafve2mqwgy3ev3qnu","Tonight we continue our tradition of watching our favourite scary movies before Halloween with the 1990’s version of ‘Dracula’. Almost perfect cast.","2026-10-08T01:24:55.773Z",0,0,0
"scary movies","at://did:plc:aylpvlu4bvsxieltqkzegf3b/app.bsky.feed.post/3mxdbrtn2vs2p","did:plc:aylpvlu4bvsxieltqkzegf3b","A lot of Guillermo Del Toro’s movies are gorgeous to look at and are still quite scary. That’s certainly true of “Pan’s Labyrinth.” It also slips in some pointed antifascist commentary.","2026-10-08T01:13:14.076Z",19,0,1
"scary movies","at://did:plc:gbxb4udadmtve4lic5mn255c/app.bsky.feed.post/3mxdaymsrec2n","did:plc:gbxb4udadmtve4lic5mn255c","Never seen Planet of the Vampires or Amer. Marking them down; I like spooky/scary movies at Halloween but don't want ... savagery I guess you could say.","2026-10-08T00:59:08.062Z",10,1,1
"scary movies","at://did:plc:baq7xpemhf35nej5bynyqk36/app.bsky.feed.post/3mxdad3wjds2r","did:plc:baq7xpemhf35nej5bynyqk36","#31daysofhalloween day 7. #fridaythe13th (2009). Lighting can be annoying but one of the better horror remakes with a more human but fast and scary Jason.

3/5 pumpkins

#31DaysOfHorror #film #movies","2026-10-08T00:47:05.705Z",3,0,0
"scary movies","at://did:plc:dargt4k7xjapexkt5z2wp4g5/app.bsky.feed.post/3mxdaamf66c2y","did:plc:dargt4k7xjapexkt5z2wp4g5","My favorite scene in Witches. Whadda film! I love kids' movies that are way too scary for kids. Amazing makeup, puppetry, and cast. Mr. Bean too! 

#witchesmovie","2026-10-08T00:45:42.291Z",3,0,0
"scary movies","at://did:plc:mghjk75ojfttbeetg4db3gog/app.bsky.feed.post/3mxd7r73ar22e","did:plc:mghjk75ojfttbeetg4db3gog","Good night sleep well im gonna watch more scary movies","2026-10-08T00:37:05.032Z",2,0,0
"scary movies","at://did:plc:kyqwjd7ka2z3osntym2yxv3n/app.bsky.feed.post/3mxd7ptsty226","did:plc:kyqwjd7ka2z3osntym2yxv3n","there’s Too Scary Didn’t Watch for horror movies, somebody should make Too Stupid Didn’t Watch where someone w a higher tolerance watches these and reports back","2026-10-08T00:36:19.673Z",2,0,0
"scary movies","at://did:plc:j6tkqcv7cugwkdhh4kgwucz4/app.bsky.feed.post/3mxd76j3c6c25","did:plc:j6tkqcv7cugwkdhh4kgwucz4","Time for scary movies in October and Tim Burton’s Sleepy Hollow","2026-10-08T00:26:37.986Z",1,0,0
"scary movies","at://did:plc:vmmb7y57fnxogqegctpsjt5m/app.bsky.feed.post/3mxd6rouaqk2i","did:plc:vmmb7y57fnxogqegctpsjt5m","I'm going to watch scary movies all month. My first movie is (2000) Final Destination. I have seen it before. This series made a whole generation paranoid about freak accidents.","2026-10-08T00:19:27.842Z",1,0,0
"scary movies","at://did:plc:a33thgnnfcuwmrswkhvgozmx/app.bsky.feed.post/3mxd6qob4uc2r","did:plc:a33thgnnfcuwmrswkhvgozmx","October is for watching scary movies. Today is Sweeny Todd","2026-10-08T00:18:53.647Z",0,0,0
"scary movies","at://did:plc:o3dchqdsjgtnt63f734al26e/app.bsky.feed.post/3mxd4qjsmx222","did:plc:o3dchqdsjgtnt63f734al26e","I had this conversation with my brother. Is it weird to avoid scary movies about things you’re actually scared of while enjoying scary movies about things you don’t fear at all?","2026-10-07T23:43:01.505Z",2,0,1
"scary movies","at://did:plc:hips3kycjl4tp5plcv5qph4k/app.bsky.feed.post/3mxd46gursc2d","did:plc:hips3kycjl4tp5plcv5qph4k","Do you like scary movies?….","2026-10-07T23:32:54.451Z",41,0,4
"scary movies","at://did:plc:ed5z4buzcohbxlgmzs7doq4b/app.bsky.feed.post/3mxd3jfbp422t","did:plc:ed5z4buzcohbxlgmzs7doq4b","the magic of the movies 🍿 support your local movie theater","2026-10-07T23:21:08.132Z",2,0,0
"scary movies","at://did:plc:f6bdoou3g34i3rwus2m4oysi/app.bsky.feed.post/3mxd2tgc4pc2x","did:plc:f6bdoou3g34i3rwus2m4oysi","Playing catch-up…. Again… Halloween/Scary/Witchy movies for October 🖤

October 6th - Hansel and Gretel: Witch Hunters (2013)
October 7th - Pride and Prejudice and Zombies (2016)","2026-10-07T23:08:51.002Z",1,0,0
"scary movies","at://did:plc:f6bdoou3g34i3rwus2m4oysi/app.bsky.feed.post/3mxd2sror3s2x","did:plc:f6bdoou3g34i3rwus2m4oysi","Playing catch-up. Halloween/Scary/Witchy movies I’ve watched this October!

October 1st - Witches of Eastwick (1987)
October 2nd - Gypsy 83 (2001)
October 3rd - Queen of the Damned (2002)
October 4th - The Hunger (1983)
October 5th - The Haunting (1999)￼","2026-10-07T23:08:29.393Z",0,0,1
"scary movies","at://did:plc:gmofmdpqs4oaibs4cw3gjv54/app.bsky.feed.post/3mxd2nvts3k2o","did:plc:gmofmdpqs4oaibs4cw3gjv54","I need to be writing or at least watching scary movies","2026-10-07T23:05:45.983Z",1,0,0
"scary movies","at://did:plc:o35567n6d44omxht3zq4c3li/app.bsky.feed.post/3mxcvz7hbcs2z","did:plc:o35567n6d44omxht3zq4c3li","my period feels like in scary movies when they exorcise a demon and it comes out of the mouth like black sludge and misery","2026-10-07T21:42:36.447Z",2,0,0
"scary movies","at://did:plc:7asnmsy6rpauftpj2a2r4cve/app.bsky.feed.post/3mxcss24ps22q","did:plc:7asnmsy6rpauftpj2a2r4cve","How are fucking Thomas the Tank Engine fan made horror stories genuinely more scary than some actual horror movies...?","2026-10-07T20:44:54.747Z",2,0,1
"scary movies","at://did:plc:7lflttxvetn33hlxjfdxlwtb/app.bsky.feed.post/3mxcrgmvu4s2h","did:plc:7lflttxvetn33hlxjfdxlwtb","31 Days Of Scary 2026 Movies - Day 7: ""It Ends"" Directed by Alexander Ullom.

Forwardly creepy in the first part and more heady creepy in the second. Interesting, but also probably would have worked better if you had gotten to know the characters for even like 5 minutes before.","2026-10-07T20:20:38.055Z",0,0,0
"scary movies","at://did:plc:7lflttxvetn33hlxjfdxlwtb/app.bsky.feed.post/3mxcrbzqyjs2h","did:plc:7lflttxvetn33hlxjfdxlwtb","31 Days Of Scary 2026 Movies - Day 6: ""Colony"" Directed by Yeon Sang-Ho.

Doesn't quite rise to the heights of Train to Busan, but is still a great. The not-zombie zombies allow for a lot of new creepy fun situations for characters to get picked off one by one.","2026-10-07T20:18:03.755Z",0,0,1
"scary movies","at://did:plc:7lflttxvetn33hlxjfdxlwtb/app.bsky.feed.post/3mxcqznsvgs2h","did:plc:7lflttxvetn33hlxjfdxlwtb","31 Days Of Scary 2026 Movies - Day 5: ""Evil Dead Burn"" Directed by Sébastien Vaniček.

More mean and less outwardly funny then previous entries, but nasty and gross and darkly humorous in ways I had a fun time with.","2026-10-07T20:13:22.799Z",0,0,1
"scary movies","at://did:plc:7lflttxvetn33hlxjfdxlwtb/app.bsky.feed.post/3mxcqr3jods2h","did:plc:7lflttxvetn33hlxjfdxlwtb","31 Days Of Scary 2026 Movies - Day 4: ""Rose Of Nevada"" Directed by Mark Jenkin.

Worth watching if only for just the look and sound. Has only grown in my mind since finishing.","2026-10-07T20:08:35.188Z",0,0,1
"scary movies","at://did:plc:7lflttxvetn33hlxjfdxlwtb/app.bsky.feed.post/3mxcqjkz4ck2h","did:plc:7lflttxvetn33hlxjfdxlwtb","31 Days Of Scary 2026 Movies - Day 3: ""The End Of Oak Street"" Directed by David Robert Mitchell.

I had a great time. Big old grin on for every ridiculous part.","2026-10-07T20:04:22.985Z",0,0,1
"scary movies","at://did:plc:eeqhdll6l2q7s575c6h2xxlg/app.bsky.feed.post/3mxcqeahft222","did:plc:eeqhdll6l2q7s575c6h2xxlg","I always thought she looked like one of those scary dolls in horror movies.","2026-10-07T20:01:24.149Z",1,0,0
"scary movies","at://did:plc:66jwks2nthrs2usdf2l4p3nd/app.bsky.feed.post/3mxcp5xzdnk2s","did:plc:66jwks2nthrs2usdf2l4p3nd","I don't even know what the TERRIFIER movies are about other than ""scary clown disembowels you"".","2026-10-07T19:40:00.231Z",0,0,0
"scary movies","at://did:plc:5pkfw4hsas3m4amy7beqtjw7/app.bsky.feed.post/3mxconr54os2f","did:plc:5pkfw4hsas3m4amy7beqtjw7","sibling is requesting movies and cider so lemme ask☎️ whats you favorite scary movie? 
art by: @zrekae.tv vgen.co/zrekae","2026-10-07T19:30:56.140Z",10,2,2
